2024/10/5 1:17,dy,0,[泪奔][泪奔]在高速路上40码等于别人走路一样的，下来走路吧别开车挡人家道了
2024/10/1 10:22,wb,0,这个操作引人注意
2024/9/28 2:32,dy,0,他不管演什么都是这个发型
2024/9/15 2:52,dy,0,那一句阅读理解[赞][赞][赞]
2024/10/5 5:52,wb,0,免费来唱歌，还不能打广告！你就想占便宜呗！
2024/10/6 5:22,dy,0,说不是偷拍的，你们可能不知道柳智敏是一个在舞台上表情管理很牛的人，从出道到现在舞台上的表情管理就没崩过，昨晚前一秒都在对着粉丝笑，后一秒就黑脸，而且站起来脸色都还是不好，说实话这把粉丝都吓着了，肯定有人拿着手机拍的时候镜头方向瞬间变了啊[泣不成声]
2024/9/23 14:10,dy,0,太可惜了
2024/9/27 15:04,wb,0,标题怎么不写已婚呢
2024/10/6 1:32,dy,0,评论区也算是围华救果了
2024/9/29 9:25,dy,0,光说没用，用仪器去检测一下，除了咱们，其他各国周边海域都有核污水排放的痕迹[呆无辜]
2024/10/1 14:08,dy,0,我爱我的母亲[玫瑰][玫瑰]
2024/9/28 2:10,dy,0,[大笑]
2024/10/6 11:52,wb,0,SM坏，智敏好
2024/9/20 13:15,wb,0,老妈也无话可说了。不能只生不教。
2024/10/3 6:11,dy,0,回调是机会
2024/9/30 5:10,dy,0,安徽
2024/10/6 3:56,dy,0,我出20w彩礼  有没有想嫁的 来私聊我 年纪大了 来搭伙过日子的[泣不成声]
2024/9/11 15:43,wb,0,省流：虽然我们发生了几次关系，但是我“明确拒绝”了。虽然我们在西湖十指相扣了，但是我没用力
2024/9/28 0:06,wb,0,900万我也不还，你能抓我几次
2024/10/21 12:07,dy,0,成为小米CEO[舔屏][舔屏][舔屏]
2024/9/30 21:47,wb,0,就这惩罚力度绝了
2024/10/1 2:03,dy,0,第二第二 雷总帅气   大家国庆快乐
2024/10/1 2:02,dy,0,国庆节快乐呀[色][色][色][比心][比心][比心]
2024/10/1 12:28,dy,0,昨天晚上的
2024/9/29 13:43,dy,0,外地人比本地的多好几倍
2024/9/28 2:57,dy,0,这种学校存在是合理的吗
2024/9/15 5:35,dy,0,没人给你加油！你误会了[捂脸]
2024/10/3 10:00,dy,0,脱手脱脚，不能干别的事
2024/9/29 7:50,dy,0,才17岁[流泪]我们这里一个小姑娘五六岁的时候被同村男的欺负过，小姑娘 太小啥也不知道，长大了才说
2024/10/3 13:18,dy,0,我燃油车行驶中强制关闭视频，这车也太把生命当儿戏了。
2024/10/6 15:06,dy,0,现在的演唱会都跟伍佰学会了
2024/9/27 13:26,dy,0,会涨的[捂脸]我们房子20年220w，上个月140，没想到新闻出来立马有人要350w买[九转大肠]
2024/9/30 4:37,dy,0,浙江人民欢迎您
2024/9/27 7:28,xhs,0,哈哈哈哈哈哈哈哈哈哈
2024/10/3 11:53,dy,0,之前幕后团队跳出来就是觉得他没有自己的本事，都是幕后段子团队的功劳，这是没错的
2024/10/4 8:40,dy,0,第一次上高速    两边的车  嗽嗽嗽…吓的我…然后脚使劲踩油门才能到80  就感觉脚不是我的
2024/10/11 13:32,dy,0,他不会觉得自己很帅吧？[绝望的凝视][绝望的凝视]
2024/9/12 3:53,dy,0,所以这种行为就是改变不了？
2024/10/14 1:40,dy,0,12分没有了，
2024/10/1 14:35,wb,0,比今天的你更好看的只有明天的你
2024/9/25 15:38,wb,0,蘋果最嚴還涉黃？簡直雞蛋裡挑骨頭，不給人生娃機會
2024/7/26 8:33,dy,0,天津有么[泣不成声]
2024/10/2 3:57,dy,0,[捂脸][捂脸][捂脸][捂脸][捂脸]
2024/9/25 4:37,dy,0,为什么有人去sjz旅游？去看什么
2024/9/24 14:48,bili,0,"""找到了原作者"""
2024/9/30 19:54,dy,0,镭[捂脸]
2024/9/25 11:51,dy,0,莎莎国字脸[赞]是个大美女[赞]
2024/10/4 17:34,dy,0,小孩没事就好[感谢][感谢][感谢]
2024/10/6 0:39,wb,0,赚钱要守法走正道才靠谱
2024/9/30 21:32,dy,0,不是 这么火的剧我竟然第一次刷到 还是自己搜索的[尬笑]，大数据？你是真不想让我看点真东西
2024/10/6 14:08,dy,0,我也确实不能理解
2024/9/5 19:15,wb,0,"支付宝每笔支付都有100m,累计可以兑换流量，微信啥都没有，提现还要收我手续费"
2024/10/6 8:12,dy,0,要是这么算，给你三千你生产出来不就是了[抠鼻]
2024/9/26 15:12,wb,0,下午好
2024/10/1 7:55,wb,0,国庆节快乐
2024/10/4 8:17,dy,0,龟速也必须罚款五佰块[捂脸]
2024/7/6 8:47,dy,0,天道循环，最终也不过是跳梁小丑。
2024/10/5 5:15,dy,0,去陶瓷博物馆无语佛排了巨长的队。。。。。。我都没心情旅游的程度真的很夸张。。。。[宕机]
2024/9/29 5:01,dy,0,我们昭通苹果爱买不买，就是这样的，爱买不买，去买山东烟台大苹果呀，山东烟台苹果嘎嘎好吃。[舔屏]
2024/10/7 13:29,xhs,0,秦霄贤秦霄贤秦霄贤秦霄贤秦霄贤秦霄贤秦霄贤秦霄贤秦霄贤不！可！能！的！
2024/10/5 12:29,dy,0,监护人在干嘛？这可不是几秒没看住的事
2024/9/13 7:37,wb,0,通报中男女这年龄，真是个能干又有想法的小伙儿
2024/10/7 20:03,dy,0,这么多天没发视频了，出来了吗？
2024/9/26 13:18,dy,0,来中国打球[爱心]
2024/10/6 12:04,wb,0,柳智敏的zzlc没问题啦 去看原视频就知道了 不过这件事很严重 特别是最近韩国闹那个deepfake 真的很下头
2024/9/12 0:13,xhs,0,这还好 活动期间价格设置错误对商家真的是致命伤害 购物博主一分享 几十个裙艾特 瞬间几万单  真吓人   大店还能扛得住 赔点钱 小店直接干倒闭
2024/10/11 9:51,dy,0,从楼上自由落体比较快
2024/10/5 3:07,dy,0,15000×200＝3000000呐！！！
2024/10/5 8:11,dy,0,我想问一下，应急车道不是给应急用的吗？人家应急走一走有什么问题吗？
2024/10/4 10:58,dy,0,他爸妈呢？
2024/9/19 7:27,dy,0,[看]文科有加buff效果，理工科来试试，看你公式还记得不
2024/10/4 9:53,dy,0,搞科技[赞]
2024/9/28 4:47,dy,0,交警呢，就这么让他们占着马路吗
2024/10/3 11:24,xhs,0,北京这次观众素质真是太低了
2024/9/13 9:28,wb,0,闲的没事去开个养猪场吧。
2024/9/29 12:53,dy,0,法国谢罪了吗
2024/10/1 7:36,xhs,0,问题问得好，确实没时间[失望R]
2024/10/6 12:39,wb,0,一桩桩一件件都多少次了
2024/10/2 13:41,wb,0,根据我国刑法属人管辖原则这个人如果没死刑遣返后我国能再次追究他的刑事责任
2024/10/6 19:55,wb,0,劳工变脸给我看爽了 偷拍凭啥给好脸色
2024/10/6 3:23,dy,0,Cody你把脸伸过来，我给你点糖吃[捂脸]
2024/10/17 11:01,dy,0,我记得当时好像说 还有很多半成品 就拍他出锅那一刻
2024/9/25 16:06,wb,0,求名字
2024/9/15 13:01,bili,0,"""月饼?我只吃香港人峰哥带货的美心月饼[支持]"""
2024/9/7 10:37,dy,0,[赞][赞][赞]
2024/9/12 4:11,dy,0,平民这样肢体冲突会怎样？谁给我科普一下
2024/9/26 10:05,wb,0,十年了还能开起来吗
2024/10/6 1:56,dy,0,iPhone标准版全球定价是＄599，至于为啥卖你￥5000，去找有关部门问[微笑]
2024/9/29 5:17,dy,0,好生气啊啊啊啊啊啊啊啊！！！！！！！！！！！！！！！！
2024/10/6 9:11,dy,0,这也让你们合唱唱得太多了吧，一到高潮就要你们唱
2024/10/5 6:35,dy,0,深圳一次扣3000元，扣200太少了。
2024/10/7 15:09,wb,0,啥必数码博主，3400是物料成本，不包含知识产权、软件、研发、组装、人工、宣发、物流等成本。
2024/10/5 21:37,dy,0,是不是要发生“世界大战”了？
2024/10/6 14:10,dy,0,还用说0呗
2024/9/27 9:30,xhs,0,[捂脸R]上一回牛市接的盘都不敢看..不知道还有没有
2024/9/12 5:49,dy,0,严查严惩
2024/10/15 11:25,dy,0,发现商机
2024/10/4 15:14,dy,0,好家伙，又把自动辅助驾驶变成了自动驾驶。[捂脸][捂脸]
2024/9/20 14:23,wb,0,转发微博
2024/10/6 23:26,dy,0,我们这边   给3000  安葬费
2024/9/27 13:25,wb,0,无语
2024/10/5 9:28,wb,0,大部分家庭的隐形家务都是女方做的
2024/9/24 9:46,dy,0,[捂脸][捂脸][捂脸]
2024/9/25 9:53,wb,0,11年掀翻警车事件
2024/10/1 15:58,wb,0,国庆快乐#国庆节快乐#
2024/9/11 0:24,wb,0,看不出来这是手是吧
2024/9/11 1:51,wb,0,不觉得他眉眼像向左吗？怪怪的
2024/9/18 4:00,bili,0,"""这不是东方新闻吗？"""
2024/10/1 0:58,dy,0,国庆节想表演个节目
2024/9/28 2:57,dy,0,所以他不是富二代[泪奔][泪奔][泪奔]
2024/10/16 8:11,dy,0,200Pro拆解有吗
2024/9/14 6:43,bili,0,"""不清楚发生了什么口角，不予置评[呲牙]"""
2024/10/3 7:19,dy,0,跌代表有外资收购
2024/10/4 11:00,dy,0,路政责任，高速施工要提前1公里开始摆雪糕桶
2024/10/6 12:50,wb,0,唉宝宝啊
2024/10/4 10:27,dy,0,自动驾驶就是好，能撞了东西后自动散开
2024/10/3 17:00,dy,0,昨天我妈刚让我在他直播间买了罐奶粉[绝望的凝视][绝望的凝视] 说他有文化不可能塌[绝望的凝视][绝望的凝视][绝望的凝视]
2024/10/18 1:14,dy,0,加油也门，袭击回去[看]
2024/9/28 2:13,wb,0,还好我开盘就买了
2024/9/11 18:50,dy,0,赶快看看脚没受伤吧..
2024/9/15 7:36,dy,0,点头 点头
2024/9/25 13:38,dy,0,爱莎莎[爱心][爱心][爱心]
2024/10/6 4:38,wb,0,每一个人都在经只管全力以赴，不去想太多。
2024/10/4 9:43,dy,0,所以疫情期间，口罩从1.3涨到1.5元，说我哄抬物价，罚我11个W
2024/9/11 23:14,dy,0,聚众斗殴  刑事犯罪  关注判罚
2024/10/14 2:27,dy,0,决赛tes打hle[舔屏]
2024/10/6 11:14,dy,0,结婚的女生在跟着新郎跑哈哈哈，说明她也不想把钱浪费在这帮流氓亲戚上[捂脸]
2024/10/4 18:04,dy,0,家长玩手机来着？
2024/9/6 23:21,xhs,0,[萌萌哒R]
2024/9/28 3:03,dy,0,然后又去大芬油画村订了一批
2024/10/1 13:28,wb,0,这种只要不殃及无辜，早死社会就少个祸害
2024/10/17 20:23,dy,0,这个点还在举哑铃，
2024/10/5 2:20,dy,0,十几万的车，到哪都想开着走[捂脸]都不需要看价牌了[赞]
2024/10/4 11:00,dy,0,科技狠活[感谢]
2024/10/5 3:21,dy,0,搞不懂这些拍照的脑回路，这是为了什么？谁能告诉我？
2024/9/30 10:45,wb,0,我去
2024/10/5 3:30,dy,0,开到130都没太大感觉
2024/9/11 10:37,dy,0,于适在剧组发现天踏了
2024/9/30 23:01,dy,0,请问一下这个新闻的真实性？
2024/9/19 5:17,bili,0,"""从来不买网红带的货带货收入都那么高"""
2024/9/15 6:43,dy,0,撇开国际不说，她真的是个很不错的姑娘
2024/10/4 2:35,dy,0,全网看到你是第一个说真话的中介
2024/9/11 9:17,dy,0,我没有可能她说的山东朋友是她自己啊，一堆人拿着个洗[看]
2024/9/26 14:15,wb,0,你也是没放过她哈哈哈哈哈又开始热搜罚站了
2024/10/1 2:04,dy,0,军哥
2024/9/24 23:16,dy,0,后面
2024/10/1 8:05,dy,0,闪光灯都没他们影响的大
2024/9/29 8:49,dy,0,我准备先拿五万试一试
2024/10/4 7:07,dy,0,买个三折叠一键消除就没有这个烦恼[看]
2024/9/4 19:54,wb,0,我今天就发现淘宝特价版默认微信支付了
2024/10/7 14:19,dy,0,你唱的很棒
2024/9/12 7:26,dy,0,为什么要钱啊
2024/10/1 10:21,dy,0,749局全部人留下了遗书[流泪]
2024/9/13 8:19,wb,0,青岛
2024/8/29 12:23,xhs,0,头孢现在不需要皮试
2024/10/5 11:13,wb,0,徐州有不少这类铁轨，单独修建的，比较短，有的甚至就俩厂区之间运输用，发车频率一般也很低，有的几天都没一辆，速度也很慢，咱也不明白破铁轨有啥好拍的
2024/10/4 16:17,dy,0,人红是非多
2024/9/5 11:58,wb,0,还不赶紧抱团。生意都要被PDD给抢走了
2024/10/17 23:18,dy,0,疯了，这个世界疯了
2024/10/14 1:23,dy,0,他的样子要吃人[大笑][大笑][大笑][大笑]
2024/10/17 12:14,dy,0,安全出行，文明你我他，应急道生命道，一盔一带不可忘！[比心]
2024/10/2 14:13,xhs,0,这是川普的基本盘吧，只想着自己
2024/10/22 1:24,dy,0,我想发财[OK]
2024/9/27 16:25,dy,0,现实中这种人还不少[看]
2024/8/8 10:20,dy,0,旁边的人为啥在笑，不懂，
2024/10/3 4:24,dy,0,个别人天天吵着房价回暖
2024/9/23 16:33,bili,0,"""哎，好想回到13年14年[委屈]，那时候的事儿，偶尔闭眼，还像在昨天。真是19年后时光飞逝啊"""
2024/9/30 18:20,dy,0,刚刚刷到她
2024/9/28 3:01,dy,0,这是什么组织
2024/10/6 5:05,dy,0,这一招出了伍佰，其他的六七百都不管用[看]
2024/9/25 13:13,wb,0,现在下载还来得及吗？
2024/10/1 0:40,dy,0,遇到一个正常的文案了[赞]，其它人用的都是男女对立的文案
2024/8/9 4:16,dy,0,文科学术也就图一乐，真想助眠还得听数学
2024/10/7 1:13,dy,0,祖国有这一批人在 未来堪忧
2024/10/3 12:05,dy,0,迟早被立法取消
2024/10/22 0:56,dy,0,这段声音是真的[流泪]
2024/9/27 10:56,dy,0,这个特效看着就不行
2024/10/18 7:30,dy,0,如果是牙膏来呢？
2024/10/10 7:25,dy,0,感谢媒体正面发声[比心][比心][比心]
2024/10/14 3:50,dy,0,完了FLY要夺冠了
2024/10/4 9:53,dy,0,神操作
2024/10/4 4:38,dy,0,看过王烁直播打PK，戾气感觉有点大[动动脑子]
2024/9/7 1:05,dy,0,说得好
2024/10/4 14:07,dy,0,这个要赔一万以上[捂脸][捂脸][捂脸]木马不便宜[捂脸][捂脸][捂脸]
2024/9/30 8:04,dy,0,祝贺新中国成立75周年
2024/9/25 15:22,wb,0,现在下还来得及，快去
2024/10/6 2:30,dy,0,也门做好保密工作就没事
2024/10/3 7:55,dy,0,马蜂他们怎么不玩[抠鼻]
2024/10/2 0:05,dy,0,先生总是那么实在！
2024/9/4 15:48,wb,0,啊啊啊啊！！好！
2024/10/2 2:12,dy,0,还是祖国安全[赞][赞][赞]
2024/9/15 11:43,dy,0,你要是不加入日本国籍，高低支持你一下
2024/10/18 14:26,dy,0,黄磊上菜前不知道自己尝尝能吃么？
2024/10/6 10:31,wb,0,间
2024/10/1 10:10,dy,0,昨晚第一次看听泉直播，听了好几回春庭雪，这就是昨晚的
2024/10/3 14:55,wb,0,又要高铁赔吗
2024/9/28 7:25,dy,0,还问我吃什么长大的 肯定不是吃昭通苹果长大的啊[九转大肠]
2024/9/25 23:50,wb,0,我有个朋友想知道到底是什么软件
2024/9/13 10:14,wb,0,不知道赚的钱够不够看病的
2024/9/26 21:28,wb,0,真的是对韩国喜欢不了一点……
2024/10/7 14:44,dy,0,拿远点看，那天下大暴雨
2024/10/1 14:07,wb,0,支持维权
2024/10/2 5:50,xhs,0,莎，善良，境界高，格局大，明亮的心，染不了一点尘土，总是以善意理解、开放包容和无尽正能量，回应一切！[红色心形R][红色心形R][红色心形R]
2024/10/22 4:38,dy,0,我梦想是干翻小米，谢谢雷总，借您吉言[比心][比心][比心]
2024/10/20 2:50,dy,0,有没有一种可能，扣分准备到一年期限，随它扣6分，罚200也不愿意塞车呢[看][看][看][看]
2024/10/6 9:25,wb,0,笑死了 在别人演唱会宣传自己的电影 高音是一句不唱的 是不能让观众 吐槽的 一吐槽就破防的 要不是在现场 我真以为这大哥受了多大的委屈
2024/9/27 14:10,dy,0,有好一个小时我以为我手机网络卡住了，原来还能刷抖音，真玩不起，拔网线
2024/10/5 1:30,dy,0,漂亮[呲牙]
2024/9/27 15:19,dy,0,证券票 上午你都买不到[打脸]
2024/10/4 12:07,dy,0,[捂脸][捂脸]呵呵，自动驾驶
2024/8/7 18:48,xhs,0,intp会喜欢吧[笑哭R]
2024/9/26 14:25,dy,0,就是第一百次你能怎么着
2024/10/4 23:45,dy,0,不痛不痒
2024/10/1 14:40,wb,0,山东黄岛区的叫星耀酒店也是 被开了两次门
2024/10/4 10:52,dy,0,我就想知道自动驾驶保险赔不赔，[泪奔]这种市政的估计定损应该挺贵的[泪奔]
2024/10/5 2:09,dy,0,这些人。。。呵呵
2024/9/28 4:33,dy,0,回来时估计就得涨价了。
2024/10/5 15:07,wb,0,疯狂的年代
2024/9/26 18:59,wb,0,东北雨姐应从事件中吸取教训，大家理性包容。
2024/9/30 4:34,dy,0,房价高。没有人买。有用吗。
2024/10/1 8:32,wb,0,为什么要在酒店里不穿衣服？
2024/10/4 2:55,dy,0,[看]我们这4-5线城市，中介已经宣布要建地铁
2024/9/29 5:29,dy,0,再也不信东北全是好人的段子了[捂脸]
2024/10/2 10:16,dy,0,这是发过的民族英啊[比心][比心][比心]
2024/9/29 13:25,dy,0,国庆节都去它家打卡[抠鼻]
2024/9/27 15:24,dy,0,房子不会一直跌，高层不允许
2024/10/17 21:15,dy,0,这美国佬和英国佬，真的是要称霸天下了呀！
2024/9/24 10:26,bili,0,"""你可以点开消息看一看，说不定还有朋友给你发的消息呢"""
2024/9/25 22:48,bili,0,"""内娱唯一大家都期待她说错话并觉得很可爱的女人[doge]"""
2024/10/1 5:51,dy,0,女生出门在外一定要保护好自己，一定要提高警惕[泣不成声][泣不成声]
2024/9/28 4:21,dy,0,和去年一样，去年我做了大冤种，今年老老实实家里蹲
2024/10/5 3:11,dy,0,这收入不错，名也有了，利也有了
2024/10/5 12:55,wb,0,哪个都不选
2024/10/5 11:51,dy,0,调音师扣工资吗
2024/10/8 3:20,dy,0,我是扁平足
2024/9/26 16:01,dy,0,这孩子还挺实诚，全说出来了，也确实是个男人，说到做到[赞]
2024/10/2 1:22,xhs,0,昨天记者问这个问题时我就觉得这是个坑，没想到莎莎答的这么好，不愧是莎局，我这个体制内多年的办公室牛马自叹不如[红色心形R]
2024/10/3 9:02,dy,0,世界是一个人，且行请珍惜[感谢]
2024/10/4 11:22,wb,0,brs呃呃
2024/10/5 9:27,dy,0,这歌有几个能唱？[捂脸]
2024/10/5 12:51,dy,0,小时候我妈在我家门口水井边洗衣服，我在旁边玩掉井里了，那个井口很窄，我还是头朝下掉下去的，然后自己爬上来了[看]都是我妈和我讲的
2024/10/5 10:52,wb,0,可怜的孩子，可怜的人们，战争的持续让多少家庭家破人亡，愿早日止战，迎来和平
2024/9/28 13:13,wb,0,周六愉快
2024/9/28 7:24,dy,0,我们学校外卖都是送到宿舍的[蜜蜂狗]
2024/10/7 2:22,dy,0,人机主准备就是
2024/10/21 8:12,dy,0,哈哈哈哈哈哈 都可以做表情包[呲牙][呲牙]
2024/9/30 0:38,dy,0,谁敢说自己永远不出自己的一亩三分地，我就认同他说的这句话
2024/9/29 16:53,dy,0,打算10.1去，这～
2024/10/15 10:53,dy,0,情绪价值拉满，主打一个陪伴
2024/10/17 20:21,dy,0,不是我针对谁，论在熬夜这块，在座的各位都是弟弟！[不失礼貌的微笑]
2024/8/10 4:40,dy,0,潮巴？？
2024/9/30 21:29,dy,0,[赞][赞][赞]
2024/9/30 10:08,wb,0,输谁输的多。谁就是goat 
2024/8/9 4:03,dy,0,噗噗噗[泣不成声][泣不成声][泣不成声][泣不成声]但凡过了三十还玩这个的都是极度缺乏那个什么的
2024/9/11 9:06,dy,0,丸辣，塌了
2024/9/4 15:48,wb,0,爱信等
2024/10/3 13:44,wb,0,人品差还能上了
2024/10/5 22:40,wb,0,关于这个我非常有发言权，在男人里面，我算是非常爱干净的了。基本上我也就两周收拾一次屋子。但是如果有女人来我家住那么三天我就要收拾一次。不知道为什么就很容易脏，尤其是头发。
2024/8/10 4:30,dy,0,[666][666][666]
2024/10/3 11:06,dy,0,金牌律师
2024/9/29 16:23,dy,0,他是嘴巴小而且还有点龅牙
2024/10/6 13:49,dy,0,平时去都没人[坏笑]
2024/10/4 14:56,dy,0,昨天我开国道，70限速60[捂脸]，是那种很宽的路没有村庄的那种
2024/8/29 12:24,dy,0,11块怎么了？贵哪了？
2024/10/1 16:57,wb,0,……→_→
2024/8/31 5:18,dy,0,开场这句什么意思，煤是白送的？好像是高价卖的吧！
2024/10/11 10:09,dy,0,高兴了吧[看]
2024/9/29 11:26,dy,0,明天又是巨量
2024/10/8 12:29,wb,0,华为的三折叠已经有很多人反映屏幕漏液了
2024/10/14 9:16,dy,0,马上给我转发到我自己家里的群里 配文个个认真看完[捂脸]
2024/10/4 10:06,dy,0,平时就标1秒一元 高峰期一秒10元 多好
2024/9/27 15:31,dy,0,昭通苹果挺好吃的，不能自己砸自己的碗的
2024/9/28 16:53,wb,0,刚刷到哈哈哈哈哈
2024/10/17 15:48,dy,0,锅包肉咋没入选呢
2024/10/2 12:52,dy,0,这些消息你从哪里知道的[看][看]
2024/10/2 13:26,dy,0,股市都说涨，有影响吗？
2024/9/30 8:22,dy,0,看得我眼泪都忍不住[流泪]
2024/10/22 1:18,dy,0,借雷总吉言，也祝您年入百亿
2024/10/18 10:14,dy,0,地面这么硬它是怎么钻到65米的，谁测的数据。
2024/10/5 14:56,wb,0,能不能有点边界感
2024/10/12 8:37,wb,0,好像并没有，说是大脑受损了
2024/9/30 10:23,wb,0,弥助来了
2024/10/4 6:23,dy,0,直接扣12分啦，这种人真的害死人的
2024/9/29 5:27,dy,0,你很棒[泣不成声][泣不成声][泣不成声][泣不成声][泣不成声]
2024/10/1 7:55,wb,0,酒店有防盗链，门反锁了，记得把防盗链挂上。
2024/10/5 0:18,wb,0,不是说不能低于多少么
2024/9/23 13:48,dy,0,真的要解散了[流泪][流泪]
2024/9/26 19:22,wb,0,早上好
2024/10/4 0:25,dy,0,终于来了一个说老实话的，现在的人又不傻，我反正现在不的买
2024/8/9 3:40,dy,0,肠胃炎去北医三院看病，大晚上老公去帮我排队拿片子，旁边一对情侣，一个对另一个生气，说，你发C刊你都不带我！回来我老公说，海淀有海淀独特的氛围……
2024/10/21 23:25,dy,0,我要当个有钱人 想花就花
2024/10/1 14:02,dy,0,好象死了好多网红了
2024/10/1 2:39,dy,0,这管理太差了，总卡是随便给的啊
2024/10/1 0:32,wb,0,菲利普塞顿：我们都是罪人！
2024/9/28 3:05,dy,0,成都到河北五千多[尬笑]
2024/9/24 8:24,bili,0,"""我也有个苹果4，某一天突然充不上电了[大哭]前一阵我买了根线充了两天还是充不上，还有没有什么挽留的方法啊，求助评论区的家人们"""
2024/10/5 13:24,wb,0,赚得还是很少哇
2024/9/6 13:08,dy,0,突然觉得我去我也行、反正都是输[捂脸]
2024/10/4 10:07,dy,0,爽歪歪
2024/7/24 3:45,dy,0,有点像思想启蒙时期的咖啡厅
2024/10/3 14:29,wb,0,I'm from china 哈哈哈哈哈
2024/10/14 0:56,dy,0,如果没有意外的话，决赛HEL和T1吧[捂脸]
2024/9/29 0:04,dy,0,哈哈哈有意思
2024/9/27 23:03,wb,0,不是，什么叫自己人赖了也是肥水不流外人田亲兄弟明算账明白吗？这是900万又不是9块
2024/10/1 8:57,dy,0,[看][看][看]
2024/10/7 5:10,dy,0,[惊恐][惊恐][惊恐][惊恐][惊恐]
2024/10/3 22:11,dy,0,我刚开始没看标题，以为是小李原来是石膏还是个不认识的。
2024/10/5 6:08,dy,0,这个瓶子之前和做坯没做好，，，烧塌了的，，，，，[黑脸][黑脸]
2024/10/2 8:46,dy,0,999给你点赞[流泪]
2024/7/23 16:10,dy,0,我真的有点心动，不能喝的可以去吗
2024/9/30 15:52,dy,0,好可爱
2024/10/1 10:17,dy,0,本来莎莎就不舒服，刚才看见CoCo说莎莎一天没吃东西了，莎莎说不舒服
2024/8/8 13:08,dy,0,这车人为啥不拉开，戴眼镜的还笑呢
2024/10/5 15:08,wb,0,这是怎么回事啊
2024/9/4 20:46,wb,0,这下子用淘宝会更方便了
2024/9/28 4:03,dy,0,这种父母不负刑事责任吗？中国的父母真好当，难道一直催三胎[尬笑][尬笑][尬笑][尬笑]
2024/10/4 6:44,dy,0,作为一个男的我觉得凯凯演的真的好，泪目了[流泪]，749局也是真的好看，身边没有一个人懂我，不懂那些人为什么在黑[尬笑]
2024/10/6 9:44,dy,0,这亲戚不走也罢
2024/10/1 14:03,dy,0,12.3万人共同见证升旗，每一个人心中都澎湃着对祖国的热爱，这就是中国人骨子里的骄傲，必须点赞[赞][赞]
2024/9/26 12:05,wb,0,为什么经常有发烧输液死了的
2024/9/26 18:59,wb,0,东北雨姐道歉，希望大家理性包容。
2024/9/27 15:07,wb,0,因为大家喜欢严以律人宽以待己。
2024/9/15 9:57,bili,0,"""“服不服“都喊出来了，这要能跑了，那我也没辙"""
2024/9/11 11:32,dy,0,什么！于适塔了！？
2024/9/25 15:47,wb,0,听说过云上贵州么？
2024/10/11 10:22,dy,0,有些事越着急越慢
2024/9/12 22:07,wb,0,…手里的夜宵卡住了
2024/9/27 20:11,wb,0,8刀9个月
2024/9/30 6:17,dy,0,癌症晚期化疗一次可能会蹦跶二天
2024/9/28 0:26,dy,0,涨什么涨，这里面的评论在好多个视频里面都一模一样，你们是想利用舆论信息，哄抬房价吗？
2024/10/3 18:27,wb,0,老了排队买保健品
2024/10/4 10:05,dy,0,因为中国的高速公路里程长，范围广，星罗密布，一个省的高速公路就有上万公里，哪怕质量再好的混凝土和沥青路面也是有使用寿命会损坏的，而且高速车辆行驶速度快，路面哪怕是轻微的破损其中的风险也是相当高。如果单拿出看一条已通车的公路来看，维修的频率真不高
2024/9/28 4:14,dy,0,影响云南风平
2024/10/3 6:08,dy,0,头一天涨这么多，第二天低开是好事，高开就该跑了[看]
2024/10/3 13:24,wb,0,不用怕，技术性调整，港股可以t+0
2024/9/20 8:45,dy,0,这个好[赞]。
2024/10/4 7:54,dy,0,子乔快来，你最喜欢的女人打架[捂脸][捂脸]
2024/9/30 0:12,dy,0,话对，但是得分场合[看]
2024/9/30 10:21,wb,0,张本其实挺可爱的
2024/7/24 1:14,dy,0,中国化的啤酒馆演讲?[捂脸]
2024/10/1 10:17,wb,0,？开摩托车上高速，谁的责任更大？什么叫高速？高速相对来说是可以开快一点。这也要上升到男女问题？？？？
2024/10/5 11:20,dy,0,睡不醒的小熊vs不吃香菜
2024/10/4 12:09,wb,0,文明观赛，希望大家都能共同维护赛场秩序，被影响的不止孙颖莎一个人，也不用就盯着她一个人问。
2024/10/1 23:54,dy,0,我支持柯冉，巨龙真的太过分了，你知道巨龙有多严格吗？可燃都是好的，要换我一天都呆不下去，巨龙都不让
2024/10/3 15:46,wb,0,转发微博
2024/10/11 10:04,dy,0,好了吧。这次更慢了
2024/10/5 12:22,dy,0,xxn不为难xxn[呲牙]
2024/9/24 15:13,xhs,0,我家过敏体质，每次去医院我都要跟医生强调一下，用什么药都要问一下会不会有反应，过敏。特别是抗生素类，我都会说我家对抗生素反应比较厉害，之前吃头孢一天拉了十多次，可怜死了
2024/10/5 15:44,dy,0,王烁塌的太突然了我甚至有点心痛了 有175薄肌大帅哥陪我打金铲铲吗[眼含热泪]
2024/10/3 13:34,dy,0,博物馆里的物品不都几百万吗[捂脸]怎么这才几百
2024/9/11 11:25,dy,0,于适辽宁的
2024/9/26 13:25,wb,0,说话不过脑子的表现
2024/10/5 14:22,dy,0,不整这一下我都不认识他
2024/9/28 7:49,dy,0,[捂脸]提前脱粉了[捂脸]四年前粉他的时候就知道他不少瓜
2024/7/24 1:14,dy,0,中国化的啤酒馆演讲?[捂脸]
2024/10/1 5:31,dy,0,这不就火了吗 目的达到了
2024/10/4 11:53,dy,0,[看][看]我只能说这些人心真大，害死自己没关系也不要连累别人啊
2024/10/5 4:03,dy,0,着是谁
2024/10/4 9:37,dy,0,麻烦把驾照帮她收了吧，大家好才是真的好[灵机一动]
2024/9/25 23:21,dy,0,跟九妖塔联动？[看]
2024/10/1 11:24,wb,0,这段为啥说是砸挂秦霄贤啊？没理解
2024/9/23 15:25,xhs,0,从此以后坚决支持周恺恒
2024/10/6 23:24,wb,0,希特勒是折断翅膀的天使
2024/10/17 14:30,dy,0,美国，全世界发动侵略战争
2024/10/22 9:21,dy,0,梦想小米Su7
2024/9/27 3:50,dy,0,要他们付出代价
2024/10/17 17:01,dy,0,43分钟1w7难绷
2024/9/26 7:27,dy,0,怕是忍很久了，最后巴黎夺冠才敢说！
2024/7/25 8:00,dy,0,这个武汉必须搞啊
2024/10/2 12:15,dy,0,搞不懂，既然节假日不愁卖，为什么还要低价预定呢？即使预定，也可以和节假日一样的价格预定呀[发呆]
2024/10/2 14:28,dy,0,父母伤心丝了，还不到19岁
2024/9/6 18:21,xhs,0,退门票？凭啥
2024/8/29 5:31,dy,0,重庆现在都是新疆煤炭，1200一吨，越临近过年越贵。最高1800一吨[捂脸]
2024/10/4 11:48,dy,0,特斯拉[呲牙][呲牙][呲牙][呲牙]
2024/10/4 18:34,dy,0,这不重要吧
2024/10/3 6:40,dy,0,洗盘[舔屏]
2024/9/27 9:19,wb,0,对
2024/10/3 1:30,dy,0,[捂脸]
2024/9/27 14:51,dy,0,跌倒低谷前还想收一波韭菜
2024/9/11 8:32,dy,0,我还以为这个人是谁呢，我去搜了一下，我才看到是我之前会刷到的做饭博主，他的声音出来的一刹那，我楞住了
2024/10/4 23:01,dy,0,花了钱的高速不高速，谁之过谁之责？不要把一切责任说车主。
2024/9/24 8:17,bili,0,"""有什么稀奇的"""
2024/9/19 11:04,dy,0,哪里有学术酒吧
2024/10/11 10:50,dy,0,孩子也确实有点皮。
2024/9/25 14:07,bili,0,木
2024/10/14 16:42,dy,0,ok我开始粉鸣哥
2024/9/26 17:35,wb,0,无论怎么样，让更多人看到了盘锦河蟹这就是一种成功
2024/9/29 13:32,dy,0,我觉得这些家长还是太刻板吧    只有学习能成才吗？根本不是  与其说是学校不如说是家长  家长才是源头
2024/9/30 11:31,dy,0,炸裂
2024/9/25 21:46,dy,0,所以啊，当时我都说了我们不少人有签署那份保密协议，没人信！哎
2024/8/12 3:12,dy,0,严惩造假才是王道。[赞][赞][赞][赞][赞][赞][赞]
2024/9/27 22:50,wb,0,拘留十五天，然后呢，没有别的措施了吗
2024/10/1 7:02,dy,0,[白眼][白眼]
2024/10/2 17:07,dy,0,钻地弹上[捂脸]
2024/10/19 2:34,dy,0,这孩子好可怜啊[感谢]
2024/10/5 15:43,wb,0,质量问题真的很不靠谱。
2024/9/29 14:00,dy,0,有没有法国代替全体国民道歉[捂脸][捂脸]？
2024/9/7 8:23,dy,0,我就说我关注你没错
2024/10/1 11:10,wb,0,男的对自己女朋友说 :“ 不跟我做就是不爱我” 男的对其他女人说 :“你们要守住自己的贞洁” 那男人能不能别想着拉其他女人上床啊？？
2024/10/1 16:47,xhs,0,女性安全要安全就要安全[哭惹R]
2024/10/1 17:39,xhs,0,她每一个新的点都让我更加爱她
2024/9/26 9:23,wb,0,嗯嗯，真假无关紧要
2024/9/29 23:34,dy,0,开始学上海了
2024/7/23 15:11,dy,0,还不用喝酒就已经听晕了[捂脸]
2024/10/17 15:34,dy,0,特斯拉爆炸不得了，移动炸弹
2024/9/26 5:31,dy,0,上海堡垒续集？
2024/10/20 10:53,dy,0,他的毛巾也挺脏的[捂脸]
2024/10/1 13:08,dy,0,所以你们掌握的和他掌握的到底谁对
2024/10/5 9:57,dy,0,大家也不会唱你的歌啊[流泪]这么难
2024/9/25 21:11,wb,0,你测试过了吗
2024/10/2 6:41,dy,0,有价无市，没人买[捂脸]
2024/10/6 11:37,dy,0,他到现在都隐形，没出来解释是我没想到的[九转大肠]
2024/10/3 15:49,wb,0,无语了，拿生命开玩笑
2024/10/2 10:08,dy,0,所有的机车博主 即刻起 请注意你们的视频内容 不要误导菜鸟和众多小年轻 我经常看到一些机车博主为了流量 哪怕是危险动作或者不规范操作都照样发 甚至觉得很酷
2024/10/1 2:03,dy,0,雷总，可以送我一辆小米su7吗？不要钱的那种
2024/9/26 11:10,xhs,0,有身高要求吗
2024/9/26 12:02,dy,0,来中国打球吧。
2024/9/27 23:27,wb,0,找我借钱的也从不主动还钱给我  甚至一个消息都不回
2024/9/28 13:58,dy,0,加油
2024/10/3 3:18,dy,0,华为就算了，极客也敢
2024/9/29 13:34,dy,0,大家都是汉族，要团结[发怒]
2024/9/30 15:39,wb,0,一年啊出来还拍
2024/9/8 17:37,dy,0,你别说话了[发怒]看你就恶心[发怒]一天天的蹭热度没完没了的[发怒]
2024/10/22 13:39,dy,0,[赞]
2024/10/4 17:53,dy,0,不要只说女司机，现在很多女士开车都很好的！ 我跟表妹今天从西安到巴中，四百多公里，开全程，一路上遇到了很多奇葩的司机，全部都是男士开车！ 要么压速度，限速80，他开不到60码，以为前面有车，结果几百米内他前面都没车，但是右边又很多大货车，他一个人导致后面几十辆车开不动！要么变道不打灯，直接就塞过来，变道打灯是要影响他开车吗？
2024/10/5 5:15,dy,0,我就是本地人 小孩已经平安抢救回来 目前在海丰澎湃医院治疗。
2024/9/28 10:37,wb,0,宅家
2024/10/6 8:25,dy,0,有啊，我已经刷到好几个还在维护秦霄贤的
2024/10/4 18:44,dy,0,这种收费方式现已发酵如果不制止，即将产生全国裂变效仿，社会乱收费现象将面临乱套[捂脸]
2024/10/21 22:06,dy,0,接接接[比心][比心][比心]
2024/10/5 16:00,wb,0,可以抓起来吗
2024/9/28 8:01,wb,0,这金额这么强大的吗
2024/9/26 11:32,wb,0,苹果之美好，如家般温暖。
2024/10/4 10:38,dy,0,自动驾驶，你就直接睡觉就是啦！
2024/9/25 15:25,wb,0,谢谢  已经看上了
2024/7/23 22:52,dy,0,知识配酒 越喝越有
2024/9/28 19:37,wb,0,我上次有朋友问我借钱给别人还债具体怎么操作时的时候我说:你真的这么想借，那你就给他一笔钱当作买断你们这些年的情谊，不用想着他会还。你不借，他还有机会找你唏嘘一番。你借了，他只会躲着你不还，怎样都没法做朋友了。救急不救穷
2024/10/1 7:44,xhs,0,因为毕竟观众都是花了大价钱去看比赛的，也许有些是故意的，也许有些是为了拍自己喜爱的运动员不小心的。所以莎莎尊重观众，也希望有些偏激的观众也应该尊重所有的运动员！不能一棒打死所有的观众
2024/10/2 3:17,dy,0,[赞][赞][赞][赞][赞][赞][赞][赞][赞][赞][赞][赞][赞][赞][赞][赞][赞][赞][赞][赞][赞][赞][赞][赞][赞][赞][赞][赞][赞][赞]
2024/10/5 23:24,dy,0,[感谢][感谢]
2024/9/19 4:26,xhs,0,说的对，不是栋梁起码做个人，
2024/10/4 23:18,dy,0,太好了……这绝对是全责的我们刷到的人都给作证！！！
2024/10/6 15:52,wb,0,苹果是一代不如一代了，价格还这么的贵完全没有购买欲望
2024/9/29 4:19,dy,0,超自然现象是有的，超感知也是存在的
2024/10/5 4:14,dy,0,没听过啊。火车还能逼停的。正常行驶的速度。突然刹车一公里站不住吧。火车司机眼神真好[大笑]
2024/9/4 19:36,wb,0,最近有感，互联网大厂中，最不注重客户感受的是百度，从搜寻贴吧网盘知乎，每一个应用中的每一个步骤都在浪费用户时间。
2024/10/1 12:16,wb,0,而且这事第一时间就调查出嫌疑人是法国人了，他们的媒体却要加个“自称”，我不冤，法国老爷冤
2024/10/10 8:04,dy,0,想去的可以去，但是，有了危险，自己扛着，别浪费社会资源求救
2024/10/6 11:41,wb,0,笑死了哈哈哈哈哈
2024/9/26 14:27,wb,0,单依纯口误太好笑了，可可爱爱的姐
2024/9/30 23:38,dy,0,文学奖有点扯了哈[捂脸]
2024/10/2 17:32,dy,0,陈凯歌导演请靳东黄磊拍戏，董宇辉外宣采访[看][看][看][看][看]
2024/10/17 14:40,dy,0,大家  别上班了  该享受享受吧 也不知道还能再过几天安稳日子[捂脸]
2024/9/24 10:13,xhs,0,都是人设，看看得了
2024/10/5 13:21,wb,0,大家都是工薪阶层…手机就是工具…自己喜欢就好
2024/9/24 12:05,bili,0,打的狠不狠老铁？点个关注！
2024/10/2 9:38,dy,0,这谁家还没个孩子呀
2024/8/8 11:09,dy,0,精神肉体都需要交流，谁都年轻过，谁都有老的那一天[玫瑰]
2024/9/25 16:46,wb,0,这种软件苹果上还有很多～我知道的就不少于5个就是看收费不收费
2024/10/5 15:36,dy,0,一动不动那是蛇？
2024/9/26 5:27,bili,0,没听说过
2024/10/4 23:59,dy,0,我不是说，我有多好，以前带两个孩子去科技馆玩，后来有一次我说还想去，别人说我，你不是去了很多次了吗，我说每次去都是看着孩子，自己基本别的都不看，尤其是在水边，更不可能让孩子这样[泣不成声]
2024/10/5 3:24,dy,0,都是钱
2024/9/30 9:15,xhs,0,你们是哪个圈子的？（顶热度）
2024/10/6 6:33,dy,0,太好了是图片和文字，看来不得不信了
2024/10/17 22:26,dy,0,不懂就问也门是哪个国家
2024/9/28 12:16,wb,0,我没有
2024/9/27 14:22,wb,0,干得真棒，都开除了，闲的没事，是工作不够忙吗
2024/10/1 14:25,dy,0,光我知道的这是第4个了[泪奔][泪奔][泪奔]
2024/9/28 0:37,wb,0,哈哈哈是的
2024/9/30 0:57,dy,0,体育老师应该很了解横纹肌溶解吧，怎么犯这种低级错误，应该开除教师队伍。
2024/9/26 20:42,dy,0,真的是过分
2024/9/29 12:10,dy,0,女性安全[流泪][玫瑰]
2024/9/27 23:30,dy,0,但是卖单秒出
2024/9/11 4:30,dy,0,[思考]
2024/9/18 8:16,dy,0,那是上课呢，还是卖酒，不要告诉我老板做慈善[看][看][看]
2024/10/22 4:57,dy,0,科技不是高高在上，而是服务与人民
2024/10/1 2:26,dy,0,其实我感觉你要是两个人一起的话穿衣自由没有错 一个女生去外地旅游还是就是穿的保守一点比较好 我是这样觉得[黑脸]
2024/10/1 9:23,dy,0,赶紧涨吧，省的你这么焦虑，有钱人不缺钱，没钱人也不会买。
2024/10/3 8:08,dy,0,跌百分之一点几是大跌？
2024/10/1 14:04,dy,0,我们生在红旗下，长在春风里。人民有信仰，国家有力量，民族有希望。目光所至皆为华夏，五星闪耀皆为信仰！愿以吾辈之青春，捍卫盛世之中华！
2024/9/24 9:46,xhs,0,买过大米，特别难吃[叹气R]
2024/9/23 7:46,bili,0,"""这不是设计不合理吗，本人都没办法解锁的手机"""
2024/9/28 12:41,wb,0,为啥不能退了再买
2024/9/28 13:03,dy,0,真的是服了呀，我因为这几个我天[微笑][泪奔][泪奔]
2024/10/5 16:02,dy,0,特别佩服大家外出旅游能在人流量大的地方一直拍照片 因为不仅挡别人了 而且自己也可能因为觉得挡住别人了而尴尬[泪奔]
2024/9/27 15:38,wb,0,真的是越来越离谱了啊
2024/9/4 22:46,xhs,0,阿里跟腾讯要联合了呀，国内两个巨头产业
2024/10/5 17:57,wb,0,那还用说，肯定是买到了正品三星手机啊，撒花，为上古仅存的韩粉
2024/9/11 0:09,wb,0,粉丝别求锤得锤了，最后哭的还是你们自己
2024/9/28 19:17,wb,0,对，本狗四只手赞同，因为我就是那个借钱给朋友然后要不回来那个，最后发现对方朋友间借了个遍。
2024/9/28 1:22,dy,0,是真的 留在手里吧 明年都成亿万富翁啦 恭喜恭喜
2024/8/9 22:25,dy,0,看着年轻人还是个孩子，老人也真能下得去手，这样的老人该严惩。
2024/10/3 5:25,dy,0,拍完视频赶紧起来
2024/10/2 13:44,dy,0,苏E  地区不适合骑摩托
2024/9/19 7:14,dy,0,建议弄个赚钱酒吧，没事在一起聊聊赚钱 前途 各行业发展的交流场所
2024/10/2 2:08,dy,0,我刷到的第三个死前说不吉利的话出事的网红了，还有一个是把自己变没了真没了
2024/10/4 9:30,dy,0,也不知道为啥非得是学习出去，呵呵
2024/9/24 15:57,dy,0,柯冉已经原谅周楷恒了
2024/9/26 8:25,bili,0,生产的老板都说没有放红薯了，你们自己送去测不会又测出有红薯吧？
2024/9/29 10:08,dy,0,稻米来助你[流泪][流泪][流泪]
2024/7/24 3:01,dy,0,惠州 给我开来惠州 香港也要
2024/9/10 16:05,dy,0,是谁爱说胸肌大？我不说
2024/9/17 8:00,xhs,0,你这条也给限流了
2024/10/19 17:29,dy,0,我之前可是老爱看了  就没看出来还有这种意思呢？
2024/10/4 4:59,dy,0,还有些啊，前面一个车没有，它就龟速前进，堵车就是这样来的。
2024/10/11 13:33,dy,0,急有用吗？电梯坏了更慢。
2024/9/24 3:29,dy,0,剪的真好
2024/9/29 11:41,dy,0,9800[发呆]w可以买什么
2024/9/26 14:07,wb,0,没想到竟然还有这样的
2024/10/12 7:26,dy,0,我要严正声明一下[看][看][看]
2024/9/27 17:54,wb,0,被绿帽恐惧支配的男人的一生，哎，何必呢，男性无论成功与否都不应该踏入婚姻
2024/9/15 5:11,dy,0,再优秀我也不会去给曰本人加油
2024/9/27 8:45,xhs,0,现在还能入吗？
2024/10/10 5:45,dy,0,有好多媒体都断章取义，说没有人黑他我都不行，谢谢您为董老师发声
2024/10/3 16:23,wb,0,帅啊
2024/9/28 11:56,wb,0,当然要出去走一走呀。
2024/10/4 20:06,dy,0,人民网：妈，它们竟然伪造我[噢买尬][大哭][一头乱麻][大哭][抓狂][抓狂]
2024/9/26 13:20,wb,0,韩国的这个霸凌真的是太绝了，好讨厌
2024/10/4 10:03,dy,0,这水泥块可以[赞]，不然撞施工了
2024/10/6 5:41,dy,0,他以为他是伍佰[捂脸][捂脸][捂脸][捂脸]
2024/9/5 1:10,wb,0,对我没差别，都绑得同样的卡
2024/9/13 15:59,wb,0,描龙画凤的喝了酒想松松筋骨，正好有个送上门的
2024/9/28 7:56,dy,0,你手机尾号多少
2024/10/11 12:17,dy,0,好帅啊，下次继续努力[赞][赞][赞]
2024/9/28 3:28,dy,0,你选的嘛 偶像
2024/9/23 4:43,dy,0,可燃还是太年轻了[流泪]
2024/10/1 1:20,dy,0,怎么办啊
2024/10/1 16:21,dy,0,[流泪]对，我今天看到这个真的哈特儿软软
2024/9/30 1:58,dy,0,大家觉得新政落地之后，上海房价会涨吗？[来看我]
2024/9/25 22:30,wb,0,希望能尽快加强对这方面监管！
2024/10/6 3:47,wb,0,善良是一个人身上最可贵的品质，无论什么时候我们都应该保持一颗善良的心，待人以善者善亦所趋。
2024/9/30 17:37,wb,0,7.5万条?不是，这得是天天拍，每天拍多少次啊，这才一年?啊?
2024/10/3 9:45,dy,0,他还是孩子，请不要放过他们
2024/9/30 14:31,wb,0,真可恶
2024/10/1 15:59,dy,0,雷总，我想要su7 dmi
2024/9/5 4:20,xhs,0,不支持啊，可能只是试点吧
2024/9/11 9:46,dy,0,没犯法就是道德问题，还是会播的
2024/10/4 19:39,dy,0,一小时一百吧看看还有人去吗
2024/10/1 13:33,wb,0,安全第一
2024/10/1 3:50,dy,0,从来不参加这些，因为没钱
2024/10/13 11:52,dy,0,谁又没上肘子又啊？[捂脸]
2024/10/4 11:54,wb,0,别甩锅了 那些观众脸上也没有刻着孙颖莎粉丝啊 请文明观赛 尊重孙颖莎运动员吧
2024/10/5 11:05,dy,0,我这有照片 别吵了哈
2024/10/3 16:28,wb,0,保护好自己，一定要平安！
2024/10/1 13:10,wb,0,有完没完了？天天占用公共资源
2024/10/1 7:20,wb,0,什么日女，那叫曙光女神
2024/9/23 6:22,dy,0,都又伤感上了[捂脸]
2024/9/30 2:16,dy,0,如果真是堵住路口的话，小贩不对在先，车主错误在后。
2024/9/27 2:44,dy,0,私设路障
2024/9/27 14:54,dy,0,真的要涨了，慌了慌了，我今天就下单了100套[流泪][流泪][流泪]
2024/9/25 14:06,bili,0,"""荣耀7X这就卡点。与您相比我还是有些耗电快。"""
2024/9/13 10:29,wb,0,自己开的直播，自己买的食物，自己吃下去，然后罪恶的是别人？什么能照照镜子找一下自己的问题？
2024/10/1 5:00,dy,0,看了好几遍标题，我以为不是我理解错了就是小编写错了[微笑]
2024/9/28 17:24,wb,0,唉，你。。。。
2024/9/29 2:02,dy,0,昨天看了，有一人放了三部曲[泪奔]
2024/9/27 15:52,dy,0,市场决定价格，不是他说涨就涨起来了，首先人民兜里得有钱，其次人家得想往房产去消费，他就是涨到700w没人买不瞎搭[泪奔]
2024/9/27 21:25,wb,0,市场起行情了，操作要猛还要稳。
2024/9/26 12:18,wb,0,这医院的操作也太迷惑了，修改病历这事儿都能干得出来？得赶紧查清楚，给家属和孩子一个公道！这幅配图真是让人心情沉重...[祈祷]
2024/9/27 0:00,dy,0,申花外地人队
2024/9/25 16:07,wb,0,安卓没有么?
2024/10/10 7:48,dy,0,这是什么电影或电视剧
2024/10/6 8:42,wb,0,我想说 这个瓶子就不能多做十几二十个么 排一排 大家慢慢拍
2024/9/30 18:46,wb,0,都不容易呀！多卖点是一点。
2024/10/1 16:29,wb,0,祝雷军国庆节快乐
2024/10/15 10:35,dy,0,真敢狮子大开口[流泪][流泪]
2024/10/6 9:03,dy,0,这是敲诈
2024/9/26 10:55,bili,0,他们是东北哪里人？
2024/9/15 12:03,dy,0,恭喜莎莎夺冠了
2024/9/26 17:38,wb,0,卷入是非都不能更新了。我从来不买不看任何直播，但是爱看雨姐做饭视频，希望早日查明真相
2024/9/27 21:05,wb,0,多少？
2024/9/23 19:28,xhs,0,zkh公司没做成，是因为他还热爱篮球。kr能做出这样的事，是因为他没那么爱篮球，仅此而已。
2024/9/28 20:44,wb,0,实在不行借钱还是要提的…至于借给别人那就当给吧..借是很难拿的回来的
2024/9/11 7:19,wb,0,sos
2024/8/10 3:30,dy,0,误会大爷了[尬笑][尬笑][尬笑][尬笑]
2024/9/13 10:19,wb,0,好奇葩，
2024/7/23 18:29,dy,0,社畜没做够 喝酒也得[疑问]
2024/9/27 15:07,wb,0,这种事情能让人的悟性提高 值得一看
2024/10/5 14:13,wb,0,必须选华为
2024/10/9 12:34,dy,0,博物馆有些事没做到位
2024/9/17 8:00,xhs,0,去年就有人发抖音说买到质量不好的东西，售后也不处理，评论区都是帮小杨哥开脱的家人们，然后举报人家的作品。所以说普通人维权很难，基本上都是自认倒霉，这次希望能把这个假货头子好好惩罚一下
2024/9/28 7:58,dy,0,尸解熊猫的那俩人也是昭通的吧[微笑]
2024/10/18 0:33,dy,0,防空导弹呢
2024/10/5 13:51,dy,0,一生要强要出片的中国女人啦[玫瑰][玫瑰]
2024/10/10 15:07,wb,0,三星应反思，不能再让消费者失望
2024/10/1 17:46,dy,0,到别的国家参加
2024/10/15 11:20,dy,0,t0
2024/9/25 14:01,dy,0,他在干嘛
2024/7/23 17:05,dy,0,重庆这边有吗？想去听心理学的
2024/10/17 10:40,dy,0,打成一锅粥了，就是我出面估计也不好使了[流泪]
2024/10/5 22:55,dy,0,但是他唱的挺好的[捂脸]
2024/10/6 10:10,dy,0,哈哈哈哈哈哈，他粉丝有点可怜啊[捂脸][捂脸]自己打包自己买
2024/9/30 11:21,wb,0,可怕
2024/10/10 0:18,dy,0,光听这个划水声就已经起鸡皮疙瘩了[躺平]
2024/9/26 13:43,bili,0,单身汉，天天给我推这个[doge]
2024/9/27 14:55,wb,0,名媛拼单也是一种方式，说的非常有道理
2024/10/6 2:51,wb,0,阿弥陀佛，但愿能恢复正常。
2024/10/13 10:26,dy,0,这招太绝了[赞][赞]我也要学起来[捂脸][捂脸]
2024/10/4 11:17,dy,0,把他艾特出来
2024/10/7 8:00,dy,0,就这么说吧  单位派我出去进修一年 这一年只需给几千块的生活费  我却要跟他们签十年的合同  相对于社会的残酷  周很不错了 都加油吧
2024/10/4 15:53,wb,0,这样太危险了，一点都不负责任
2024/9/12 2:42,dy,0,太嚣张啦这些人！
2024/10/6 5:18,dy,0,广东彩礼八千八百八十八
2024/10/5 13:09,dy,0,不敢住民宿了[捂脸]
2024/10/2 8:21,dy,0,好可惜好可惜好可惜[感谢][感谢][感谢]
2024/9/28 1:51,dy,0,都在等黄金降价，结果一路飙升，都在等房子成白菜价，可能嘛，个人感觉房子最多维持现状，不会持续跌
2024/10/5 23:57,wb,0,何必呢，追星追成这样
2024/9/26 10:48,wb,0,还是默默的关注吧
2024/9/27 16:13,dy,0,你们没看过《会痛的17岁》吗？
2024/9/27 6:49,dy,0,热度过去了
2024/10/4 6:26,dy,0,现在真的是受气啦[捂脸][捂脸]
2024/10/1 3:32,dy,0,不买，买了还得还房贷，工作又不好找
2024/10/4 7:19,dy,0,极氪智驾？
2024/9/30 21:36,wb,0,人才啊
2024/10/11 11:35,dy,0,前无古人，后无来者：绝世好爸
2024/10/4 2:36,dy,0,良心真话中介。
2024/9/18 17:44,wb,0,转发微博
2024/10/3 4:10,dy,0,五日线都不破 慌什么[看]
2024/9/24 8:47,xhs,0,任何网红只要直播就原型毕露，像王蓉天天早起做饭一日三餐说话温柔，到了直播就变得像另一个人，雨姐也是，我看过她视频，像很豪迈的东北人，直播间像黑社会很凶还有她那帮亲人
2024/10/2 3:47,xhs,0,以色列军事先进多了
2024/10/2 15:48,dy,0,[赞][赞][赞][赞][赞]
2024/10/4 17:02,dy,0,什么？？？这么年轻还整这一出故意伤害？[尬笑]这男的真恶心
2024/10/4 9:42,dy,0,唉！带你们去厂里拍，好多破的[捂脸]
2024/9/17 23:29,wb,0,孩子一定要从小好好教育
2024/9/28 0:14,dy,0,保守了不是，既然都是高速公路了，那直接不踩刹车好了，不减速直接过去拦着的撞飞了他也有责任嘛，恶意拦车嘛
2024/9/25 17:35,wb,0,涉黄了，就不要这么帮苹果洗了吧
2024/9/11 3:30,dy,0,胸练的再大不如他的良心大。[看][看][呲牙][呲牙][赞][赞]这姐们儿手撕渣男有一套来一起拜见祖师娘[呲牙]。
2024/9/30 8:17,dy,0,金城100
2024/9/27 5:20,dy,0,这时候开始讲理了
2024/9/29 11:08,xhs,0,怎么没有我。我只要回本就行了求求[笑哭R]
2024/9/26 2:51,dy,0,她人不错
2024/10/1 12:30,wb,0,我不是谁的粉丝，但我无条件相信他对自己粉丝的定位
2024/9/11 8:31,dy,0,老天 他刚起号的时候还经常刷到他，一段时间没看到了结果再次刷到又因为做饭塌房了[发呆]
2024/9/27 15:45,dy,0,没进的朋友周一也不要一股脑热进了，一旦回落，你的假期就不能舒服的玩了，等市场冷静一下，消化一下这几天的火爆，再进也来得及。
2024/10/2 9:05,dy,0,不是有骑士精神保护吗？怎么会这样？
2024/10/4 5:43,dy,0,压根不知道这是谁 还以为王烁是王烁鑫
2024/10/3 4:18,dy,0,别怕，是技术性调整
2024/10/2 5:16,dy,0,你们报个数吧，这第几个女骑手了[泣不成声]
2024/9/28 11:59,wb,0,就在周边随便走走了
2024/9/26 10:05,wb,0,智者应明辨是非，慎言善行，公正待人，方显大义。
2024/10/11 11:49,dy,0,哈哈哈哈哈哈……
2024/8/9 15:38,wb,0,站起来让他坐不就行了。总比挨打吃亏少
2024/10/3 6:35,dy,0,假后 洗盘 之后疯狂拉升
2024/10/5 14:43,wb,0,我们村的年轻人，敢作敢为，没见过啥世面 。[带着微博去旅行]
2024/9/6 15:22,dy,0,有气节[赞]
2024/9/28 1:33,dy,0,虽然人口出生率下降了 但是发现评论区还是有好多没有房[呲牙]
2024/9/15 9:08,dy,0,阅读理解挺好
2024/8/10 2:41,dy,0,到底该听谁的[坏笑]
2024/10/4 10:40,dy,0,大人在哪里
2024/10/5 21:37,wb,0,晚
2024/10/8 13:26,dy,0,细孔集思 无意冒犯 
2024/10/22 4:22,dy,0,怎么用到微信铃声啊[玫瑰][玫瑰][玫瑰]
2024/7/23 15:25,dy,0,在哪个酒吧啊？可不可以告诉我[流泪][流泪][流泪]
2024/10/4 14:14,dy,0,今天打车司机也开自动驾驶老戏无语了[绝望的凝视]
2024/10/4 14:32,dy,0,估计是想碰瓷[呲牙]
2024/9/29 9:26,dy,0,一次做了500个下蹲，走楼梯腿都在抖[流泪]
2024/9/30 4:15,dy,0,有后悔的时候
2024/9/11 11:38,wb,0,啊？？？
2024/9/15 7:38,dy,0,一直在夸赞莎莎，人品不错
2024/9/24 0:38,dy,0,我看你怎么圈现在
2024/7/23 16:42,dy,0,这心理学和社会学应该嘎嘎受欢迎吧
2024/10/4 14:58,dy,0,粉丝这么大胆吗[泪奔][泪奔][泪奔]
2024/10/5 2:49,dy,0,这个小孩妈妈真是心大
2024/10/10 8:47,dy,0,恶意无处不在  保护好自己
2024/10/1 6:52,xhs,0,一直都有人开闪光灯 提醒几次都 开闪光灯的人都什么心理[失望R]
2024/10/5 14:47,dy,0,我能弱弱的问一句他是干啥的吗
2024/10/4 4:26,dy,0,他在拍视频证明什么？只是拍个几十秒立马把被子收起来[捂脸]就为了显露下智驾
2024/10/6 11:10,dy,0,再过百年，都是大自然的！
2024/10/2 12:02,dy,0,伊朗告诉美国是怎么想的，真的想不通。
2024/10/6 4:39,dy,0,公司能不能给idol穿长点的裙子和打底裤[微笑]？
2024/10/14 5:50,dy,0,酱油拌大米粥[发呆]
2024/10/1 1:10,wb,0,祖国万岁
2024/9/26 14:15,wb,0,记住了
2024/9/13 13:48,wb,0,当警察面还踢，把上海警察没当人
2024/9/11 8:57,dy,0,我好喜欢  这种敢说的人[强][强][求求了][求求了]
2024/10/2 12:47,dy,0,这个姐绝对懂，编号，多少钱都贴了标签
2024/10/19 5:05,dy,0,烧成这样该多疼 她还是个孩子啊
2024/9/25 18:59,wb,0,想知道其他手机上可以下app吗？
2024/9/27 18:39,dy,0,评论区真的 一人有难八方添乱哈哈哈哈
2024/10/3 11:35,dy,0,靠自觉，你也看不住人家拿起手机拍照
2024/9/12 8:04,dy,0,构不成的
2024/7/26 9:13,dy,0,进酒吧需要什么学历
2024/10/7 1:26,dy,0,操作系统不要钱？
2024/10/5 13:54,wb,0,一万四还买三星啊，国产手机不香吗
2024/9/11 8:58,dy,0,卧槽我服了之前看他视频特别搞笑我就关注了结果塌房了……怎么说很难评
2024/9/27 13:51,wb,0,包就业的
2024/10/4 1:42,dy,0,营销号老阴谋啥呢啊[尬笑]去年不是上上签么 不也被一穿4了啊  跟空不空有啥关系啊请问了
2024/9/27 13:19,wb,0,脸盲了看的
2024/9/27 11:54,dy,0,唯一攻破巴萨球门得中国人
2024/10/13 4:36,dy,0,关键看到的来不及拍照，跑到都超快
2024/9/26 0:34,wb,0,俺也是，华为也有。
2024/10/4 13:30,dy,0,高速130才有点感觉[捂脸]。
2024/10/7 6:01,dy,0,為穆律師，點贊[赞]律師，幹得漂亮，加油！
2024/10/17 21:07,dy,0,陆军准备下场了。
2024/9/28 15:38,dy,0,衣服上写的啥？
2024/10/2 5:04,dy,0,我骑车出车祸后再也不骑了，开车后出过几次车祸现在也不碰车了，很多人说我一朝被蛇咬十年怕井绳，其实不是，我不怕死，而是怕我爸妈会白发人送黑发人，怕我死后我爸妈，我孩子会悲痛难过。因为我知道如果出事伤害的只会是我最亲的人[感谢]
2024/10/4 14:22,dy,0,粉丝：哎！我有一个主意[看]
2024/9/25 13:38,bili,0,"""果然上热搜了，
综合#5，文娱#3
?"""
2024/9/29 9:04,dy,0,评论下吹牛逼说三百少的做三百个看看，我只能一次性只能做一百六十六个，当年读书已经全校第一，你要知道我是农村的同学都是干农活的[看]
2024/9/27 4:28,dy,0,行了，就这两眼基本可以断定不咋地了
2024/10/3 4:22,dy,0,又走了一个网红[感谢][感谢][感谢]
2024/9/26 14:08,dy,0,足球踢滴好与不好？有啥用？拿这钱投资工厂，企业，科技不香吗？
2024/10/6 7:05,wb,0,终于开打了吗，早就应该还击了
2024/9/25 15:20,wb,0,一生保守的中国人
2024/10/4 23:15,dy,0,我第一次179，车提速慢了，要不必须180以上
2024/9/28 13:56,dy,0,女孩子到底要怎样才能不被伤害[流泪][流泪][流泪]
2024/10/4 8:43,dy,0,区间测速140，剩下的不超过160
2024/9/27 21:37,wb,0,如果失眠了该怎么办
2024/9/24 2:12,xhs,0,巨龙完全可以躺着，都不缺钱花，但他还努力做自己喜欢的事儿已经很不容易了[失望R]
2024/10/1 2:02,dy,0,are you ok[看][看][看]
2024/10/4 23:45,dy,0,我猜家长在刷抖音呢[流泪]
2024/10/1 14:03,dy,0,祖国繁荣昌盛，富强强大！！，[比心][比心][比心]
2024/8/29 1:39,dy,0,我舅舅就是在山西老家挖煤的，平时吃喝也很节俭因为这事一闹全部整改统一价平时连鸡蛋和肉沫都舍不得加，现在好了还贵多了三块钱，你们嘴里是只吃得出食味吃不出人情味吗，谁家大好人有事没事跑矿区吃饭这和你没事跑去别人公司饭堂里吃饭有什么区别，附近本地人基本都知道开矿区的主要都是做矿工和家属的生意，基本哪个不是生活不济的苦命人，给点优惠大家互相照顾一下怎么你，你方便我也薄利多销，而且一般这种店的都是那种中年人，只有一个时代的才最能感同身受，拿着现时代年轻人的标准要求人家不觉得有点强人所难吗
2024/10/1 13:11,wb,0,yue
2024/10/17 21:10,dy,0,来一个)*
2024/9/29 13:08,dy,0,千股跌停[捂脸]
2024/10/4 9:53,dy,0,昨天我也碰见一个走快车道，五六十码
2024/9/5 12:48,wb,0,微信都打不开淘宝链接
2024/9/27 13:36,dy,0,一个歉意就没有一点真诚
2024/9/29 11:53,dy,0,和中国已经达成协议
2024/10/5 17:46,dy,0,[看][看][看]
2024/10/3 9:00,dy,0,我就问这种保险赔吗
2024/9/28 5:37,dy,0,我去
2024/9/26 10:17,wb,0,直接刷走
2024/9/27 7:59,dy,0,国庆节前争先恐后的要把游客拒之门外啊
2024/9/30 11:26,dy,0,股市暴涨，楼市只有抛没有买[思考]
2024/10/4 12:00,dy,0,飞机都多少年了，多少尖端科技还不能自动驾驶，指望车呢
2024/10/5 15:04,wb,0,杀得完吗
2024/10/10 3:14,dy,0,什么都没看到就叫探险？就这点胆子还去探险
2024/10/6 11:16,wb,0,上午好
2024/9/29 4:26,dy,0,一直牛到明年春节前[赞][666]
2024/9/27 14:07,wb,0,听说父母是被营销，说是正规的。后来孩子写信求救被拦截了。父母想看孩子也不让。。。
2024/9/18 4:29,bili,0,"""一般想买什么就自己搜，觉得合适就买，不看直播"""
2024/9/29 13:44,dy,0,人家过不去确实该让，只要你是占道摆摊，该让还得让，不是所有人开车技术都一样，视频中说的别人都能过去她过不去，这话也有问题，但是这个女的说话也是过分，这种话怎么敢说出口[捂脸]，双方都有问题，
2024/10/4 21:30,wb,0,去外面买东西的时候不喜欢导购推荐某产品说这个很好买的人很多
2024/10/3 23:26,dy,0,那个字幕真的很烦
2024/10/4 10:31,dy,0,我不信，我经常开领导的特斯拉，只有L2级别的辅助驾驶。
2024/9/28 11:23,wb,0,100？没看错吧
2024/10/7 12:15,dy,0,女人也会为难女人吗[发呆][发呆][发呆]
2024/10/1 13:03,dy,0,弱弱的问下，这些网红生死跟我们有关系，好好过好自己吧
2024/9/10 7:20,dy,0,作为当地人，明白一切，深切的感受到舆论的力量，一个宰客的老板，成了爱心商家，举报不良商家的游客，反而被网暴了
2024/9/28 3:38,dy,0,没钱
2024/9/5 4:58,dy,0,我山东济宁的，老家山西洪桐大槐树，我为我的老家站队，有生之年一定要去老家看看，那里是我们的根[感谢]
2024/10/5 12:14,wb,0,我要是一个人得爽成啥样？想想结婚前自己住的那几年，要是配上现在的经济实力和工作状态，我特么就是活神仙。
2024/10/4 0:41,dy,0,[捂脸]
2024/10/4 10:54,dy,0,百分百在玩游戏[抠鼻]
2024/10/17 18:46,dy,0,中东方面军，你们的目标是铲平以色列，动员全中东的有生力量发起总功吧，不然你们绝对要被灭种，不要逃避了。
2024/10/2 7:35,dy,0,今年都车祸去世好几个玩机车的了
2024/10/13 14:45,dy,0,哈哈哈，他肯定脸上没整过[捂脸][捂脸][捂脸][捂脸]，表情太丰富了[捂脸][捂脸]
2024/9/10 16:58,dy,0,不是我一直以为这个料对于适来说算小的了，我一直以为大家都知道的，不然你们以为ys为啥被叫?
2024/10/1 2:03,dy,0,中华人民共和国万岁
2024/10/1 11:48,wb,0,本来一直很喜欢秦霄贤啊，完全没想到
2024/10/6 11:21,wb,0,宠物看病是挺贵的
2024/9/15 8:39,dy,0,小小年纪确实很厉害，打到2:2的时候我悬着的心[捂脸]
2024/10/2 14:23,dy,0,[发怒][发怒][发怒]
2024/10/3 10:53,dy,0,这事其实不能赖老百姓，谁让智驾这种词可以随便用的。刚开始就应该规范和广告法一样 什么最字，更字都不让用，辅助驾驶就叫辅助驾驶。 叫什么智驾
2024/10/22 0:11,dy,0,发财 被爱
2024/9/26 3:05,bili,0,"""丸辣"""
2024/10/3 21:50,dy,0,不是因为四颗福星我都不认识这个人[OK]
2024/10/2 11:03,dy,0,l
2024/10/17 10:55,dy,0,好嘛一场比赛打下来他的微信步数全场最高[泣不成声]
2024/10/17 23:10,dy,0,不管他们怎么打，我坐等看胡塞的回应
2024/9/28 3:36,dy,0,他哭什么  不就是你送进去的  没担当没责任感
2024/10/5 10:45,wb,0,从幼儿园就开始办女神节女王节，从小灌输。这两年稍微好一点，学校也用国际劳动妇女节这个词了
2024/9/29 4:22,dy,0,4年太轻了，为什么犯罪成本这么低
2024/10/5 9:22,xhs,0,可是我家的摄像头不需要网……
2024/10/1 7:30,wb,0,那些送花的，还不去送？
2024/10/1 6:12,dy,0,泉哥帮忙估一下，我看挺多的，见者有份吧[看]
2024/10/4 13:58,dy,0,主要是气氛烘托到那了，要我也去吵
2024/9/30 19:33,dy,0,涨吧涨吧哈
2024/9/11 14:22,wb,0,哈哈哈哈哈哈。这么好笑的吗。我这就去取关
2024/9/26 6:16,wb,0,看来16亿到手了，那漂亮国不遗余力的搞中国产的产品，怎么没见你来说说？
2024/10/1 12:30,dy,0,第几个了[绝望的凝视][绝望的凝视]我刷到的最起码有6个博主挂了
2024/9/5 20:09,wb,0,终于互联互通啦很方便
2024/10/2 12:01,dy,0,提前通知，这是在演戏[呲牙]
2024/10/5 13:33,dy,0,我家玩个就商场里的游乐场 都俩人跟着
2024/10/6 8:59,dy,0,你们来[泪奔][泪奔][泪奔]
2024/9/30 13:56,dy,0,之前营销号还使劲夸他，现在又变成骂他了吗？[宕机][宕机][宕机]
2024/9/27 19:54,wb,0,雷电法王又重出江湖了？？？？
2024/10/2 1:54,xhs,0,太乱啦、太吵啦、太影响情绪啦
2024/9/27 20:22,wb,0,6.26日不应该还在上学吗 家长连孩子上学都停了？？？
2024/9/27 14:36,wb,0,男的呢
2024/9/15 14:25,bili,0,"""[疑惑]香港人长这么大也没听过美诚"""
2024/9/11 5:11,dy,0,没事哒没事哒
2024/10/5 12:24,wb,0,我要不是看着哥哥姐姐各种结婚几年的真实情况，还真是信了你的鬼
2024/9/6 15:14,dy,0,7比0不是极限，是时间有限[捂脸]
2024/9/29 9:59,dy,0,心默默的碎了一地，一个货真价实卖昭通苹果的单亲妈妈[流泪][流泪]
2024/10/22 19:08,wb,0,直接把颜料师那群人送去巴以
2024/10/1 14:55,dy,0,怎么说kr是周楷恒带起来的没有周楷恒kr现在还有流量吗
2024/8/8 23:09,wb,0,互殴一出，正当防卫就是个笑话。
2024/9/25 12:35,bili,0,"""张碧晨用心良苦了，去年孩子她爹来这丢了大人，她也不好表现得太好[滑稽]"""
2024/10/18 8:49,dy,0,值得因为为了小时候想要的的东西
2024/9/28 20:11,wb,0,只有极少数人可以交易，对散户极其不公平！我的几只上证票收盘都跌了几个点，高价时少一分钱挂单没成交
2024/9/6 8:04,xhs,0,我想知道今年和日本比的乒乓球怎么样[doge]
2024/10/3 7:31,dy,0,正常的
2024/9/30 10:10,dy,0,药老在戒指里指挥萧炎捡破烂[看]
2024/9/4 15:53,wb,0,哈哈哈哈哈终于等到这天啦！！！
2024/9/24 14:08,dy,0,人家自己发的视频说是因为冲击职业[捂脸]
2024/10/5 10:24,dy,0,她霸道，我好爱[看]
2024/10/8 20:47,wb,0,这样就是我最爱的，
2024/10/5 9:45,dy,0,"原来这条线是不能走的
这是实线吗"
2024/10/10 1:16,dy,0,丢个摄像头去水里看一下[灵机一动]
2024/10/4 16:49,dy,0,想死了哥之前最低谷时就喜欢看他们最喜欢的就是王烁
2024/9/11 7:45,dy,0,？？？不确认关系就睡一起？发生关系再表白？站在男性角度，那不就是反正也没对象送上来的菜，不吃白不吃[尬笑]如果都只想玩玩就不要谈什么感情，这男女之间顺序都不要搞错了，确认关系才能在一起啊，不要搞倒贴那套，不然谁都不会珍惜。
2024/10/1 5:01,dy,0,家人们快去买吧[看][看][看][看][看][看][看][看][看][看][看][看]
2024/9/26 18:53,wb,0,可以
2024/9/30 10:34,wb,0,太狠了吧
2024/10/1 4:10,dy,0,还有这样的人？什么谣都敢造啊
2024/9/25 17:29,dy,0,他给周发的 五句不离开钱 全是利益 在网上又是另一面就很过分
2024/9/25 5:14,dy,0,自爆兵加分[捂脸]
2024/10/1 2:04,dy,0,祝祖国生日快乐  （3分钟前）
2024/10/1 21:55,dy,0,支持小米[赞][赞][赞]
2024/8/12 4:28,dy,0,@多爹: 刘女士站出来解释一下
2024/9/26 1:01,wb,0,唱歌好听的人不多 好笑的人也不多 唱歌好听人又好笑的人更少…单姐算一个…我至少看了20遍笑死我了
2024/9/19 4:26,xhs,0,到今天靠打已经没有任何作用，就算在家不敢打了，今后到社会上还会继续作恶的，治表不治根啊！
2024/10/1 8:30,wb,0,玩呢
2024/9/25 15:17,wb,0,真的很好哎 支持你哦
2024/9/24 13:48,dy,0,不是你又懂了，别扯好吧，不了解就别说
2024/9/17 13:33,xhs,0,怎么就又诱导消费者了？有点听不懂
2024/10/3 6:18,dy,0,港股已经回升了，万科a从开盘涨十几个点到上午最多跌17个点，现在又涨了四五个点了[呲牙]
2024/9/30 16:49,dy,0,[微笑][发怒]
2024/9/6 15:50,dy,0,0-7 全国讨伐 哈哈[抱抱你]
2024/10/5 2:48,dy,0,为何这样谁又会拿着自己的生命开玩笑呢。
2024/10/16 6:02,dy,0,[泣不成声]太恐怖了。坐等后续
2024/9/27 22:58,dy,0,这里面有没有勾结外部势力？怎么会出现这种情况？
2024/7/23 17:25,dy,0,好有趣 求云南有
2024/10/6 9:12,wb,0,赚太多了
2024/9/28 13:48,wb,0,蓝底广告最后没有放链接，差评
2024/9/28 13:03,wb,0,还在去产能呀
2024/10/1 7:57,xhs,0,大声阻止闪光灯比闪光灯影响还大，闪光灯不一定对球员有影响，但大声喊一定有影响，如果闪光灯干扰了比赛球员会自己指出来的，不需要观众来指出。
2024/7/26 9:08,dy,0,上海总是走在最前沿[捂脸]
2024/9/27 3:00,dy,0,这太可怜了
2024/10/1 13:09,wb,0,雷总国庆快乐
2024/10/2 15:49,dy,0,为什么现在那么多少弄他
2024/10/4 15:12,dy,0,罚款太轻了
2024/10/4 9:43,dy,0,真无语，几年前的事情现在来说，你咋不等他娶婆娘了再来说
2024/10/5 15:40,dy,0,我用的是特斯拉model3在城市、高速路及堵车时，经常开启辅助驾驶有两年多了，每次都能刹车，一切正常，看到这个视频搞得我心慌慌啊，因为我是经常用辅助驾驶[捂脸]。
2024/10/3 6:11,dy,0,回来了！
2024/9/24 7:21,dy,0,虽然但是这么帅啊
2024/9/29 4:45,dy,0,没有
2024/9/6 9:09,xhs,0,一人进一个，不知道还以为表演赛呢
2024/9/28 9:17,wb,0,评论区能看出扶弟魔多
2024/9/11 0:03,wb,0,还得感谢SM
2024/9/28 23:34,dy,0,六月份的我才知道[流泪]
2024/10/11 11:21,dy,0,这回更慢了，，，，是不是和孩子有仇
2024/8/31 2:33,dy,0,我们柳州螺蛳粉九块，加个鸭脚就十几块了[泣不成声]
2024/10/14 6:30,dy,0,估计很多去现场的不是为了看比赛的，而是为了去看教练[呲牙]
2024/9/28 12:26,dy,0,周一就是干，all in
2024/10/3 6:03,dy,0,背景音乐是什么[微笑]
2024/10/4 23:33,dy,0,又开始闹着玩了
2024/10/1 14:41,wb,0,所以小米现在才发展的这么好
2024/9/27 14:26,dy,0,如果道歉有用的话要警察干嘛
2024/8/15 20:20,xhs,0,我男朋友做ai的，在美国读博，他说p4还是挺有讨论价值的诶[赞R]
2024/10/3 22:34,dy,0,终于有说真话的良心中介说话了[赞][赞][赞]
2024/9/30 21:32,dy,0,我嘞个一个视频相信一切啊[求抱抱]没有任何证据，而且原作者已经跑路了
2024/10/4 18:13,wb,0,包真的，以前粉过他
2024/9/18 13:15,bili,0,"""如果还能继续带货就牛逼了"""
2024/9/27 12:56,dy,0,投资者激情四射！
2024/10/6 2:32,dy,0,真不算关税啊
2024/10/6 7:00,dy,0,什么事儿？
2024/9/15 3:16,dy,0,名副其实的日韩狙击手[赞]
2024/9/27 10:03,dy,0,被禁言了
2024/9/27 13:09,dy,0,真是
2024/10/6 1:33,dy,0,瓶子气坏了[奸笑]
2024/10/1 12:13,wb,0,献花跪下拍照了事
2024/9/19 3:03,dy,0,哥们在塔斯汀真的学下去了[九转大肠]
2024/10/2 14:59,dy,0,话里有话，印度蒙了
2024/10/11 1:31,dy,0,最后那个树枝刮他一下都把我吓一跳[捂脸]
2024/10/2 19:07,dy,0,好燃的bgm[吐][吐][吐]
2024/9/30 4:19,xhs,0,开玩笑吧，我能回本夜里做梦都能笑醒
2024/9/28 8:06,dy,0,没人去坐牢吗？
2024/9/28 15:12,wb,0,100？？啥意思这是？
2024/9/26 12:18,wb,0,心疼王曼昱
2024/10/6 7:21,dy,0,哦豁出名了
2024/10/4 7:42,dy,0,前面刷到一个视频，一个路边的卡罗拉节假日开走了，很长时间没有开走车下都有一个印子了，不会是同一辆吧
2024/10/1 19:23,xhs,0,超爱小莎
2024/9/7 4:42,dy,0,踢个球，
2024/10/3 14:13,wb,0,建设独具一格啊
2024/10/5 17:55,wb,0,有些人总觉得自己是宇宙第一，世界中心出去以后见到劲儿劲儿的比比皆是。跟朝鲜人一样。
2024/9/11 22:57,dy,0,什么冲突，这是故意伤害。
2024/10/13 10:29,dy,0,娘家且不上毛克这不是打我脸呢吗[捂脸]
2024/9/26 19:54,wb,0,晚上好呀
2024/10/21 2:22,dy,0,比篮球精彩多了
2024/10/9 12:15,dy,0,也只能欺负小朋友，要是大朋友它敢吗[捂脸][捂脸][捂脸][捂脸][捂脸][捂脸]
2024/10/19 12:33,dy,0,[捂脸]黄酒那么重的味，放2斤是什么概念[偷笑]
2024/10/1 8:16,dy,0,真的这次直播真的很吵还有闪光灯一直在照
2024/10/19 11:23,dy,0,天啊，可怜的孩子
2024/9/26 12:36,wb,0,没想到拿到冠军也得遭受长期霸凌。
2024/9/29 13:05,dy,0,3158左右
2024/10/5 13:58,wb,0,三星手机质量过硬，创新设计引领潮流！
2024/10/22 0:42,dy,0,祝我年入千万 谢谢雷总[抱抱你]
2024/9/26 14:31,dy,0,[思考]啥都不想说
2024/10/8 3:04,dy,0,评论区好多图片都是p的不要相信
2024/8/26 1:03,xhs,0,热度
2024/9/25 20:56,wb,0,哈哈哈哈哈哈哈哈哈哈哈哈好
2024/10/4 1:16,dy,0,兄弟 你是好人 说实话
2024/9/28 12:02,dy,0,没有责任人的责任事件
2024/9/12 2:48,dy,0,情况说明上面说的是肢体冲突。这个完全是被群殴了。
2024/9/26 10:27,wb,0,?求关注
2024/9/29 8:31,dy,0,当年蹲马步一下午说这个[捂脸]成就了我现在超强体制
2024/9/11 8:21,dy,0,有原则的网红第一次见就做饭真有原则[捂脸]
2024/9/25 12:21,dy,0,不会吧
2024/10/5 9:52,dy,0,500的朗朗上口。凤凰传奇这些都是随口能唱的。你那……
2024/9/30 8:06,dy,0,哎我在巴彦淖尔[舔屏][舔屏][舔屏]
2024/9/26 13:39,wb,0,14年那会儿，应该是iPhone 6还是7啊
2024/10/3 12:08,dy,0,缺管少教
2024/9/30 0:39,dy,0,还有谁记得许州吗[流泪]
2024/10/1 14:12,dy,0,这才是媒体人的意义！那些采访问喜欢什么明星、吃饭[微笑]真 那我也可以！
2024/10/6 4:38,wb,0,见人行善，多方赞成。见人过举，多方提醒，此长者待人之道也。闻人誉言，加意奋勉，闻人谤语，加意警惕，此君子修己之功也。――清王永彬《围炉夜话》
2024/9/15 5:34,dy,0,不行，虽然她是日本国籍，小姑娘跟她哥一样，一讲话还是很拉好感的
2024/9/26 12:23,wb,0,脑子跟不上嘴
2024/10/5 6:16,dy,0,我们广西穷点！但铁路绝对没人敢上去坐
2024/9/19 3:16,dy,0,说实话 我蛮喜欢的 听讲座比看文艺表演更吸引我～
2024/10/3 1:34,dy,0,先打防御
2024/8/10 1:26,dy,0,他是老人嘛，应该是中壮年
2024/10/4 11:16,dy,0,这绝对没开自动驾驶，真会黑，开局一张图
2024/9/29 16:23,dy,0,[看]日本人道歉没？
2024/10/1 7:45,wb,0,啥时候都得反锁
2024/10/1 19:21,wb,0,亲民才是硬道理，赞你X1000000000000000000
2024/10/3 7:32,dy,0,哈哈哈哈哈哈哈哈哈哈哈哈哈哈哈哈哈哈哈哈哈哈哈哈哈哈哈哈哈哈哈哈哈
2024/10/5 10:35,dy,0,[捂脸]你那歌等级太高，一般人真唱不来
2024/10/6 1:59,dy,0,宝子，你这个背景音乐很神奇呀，有一种熟悉的感觉[看]
2024/10/1 2:01,dy,0,第一[玫瑰][玫瑰][玫瑰]
2024/9/27 14:54,wb,0,我第一次听说名媛也是可以假装的
2024/9/26 12:55,wb,0,加入中国加入中国队吧
2024/10/1 6:15,dy,0,什么想法项庄舞剑意在沛公。
2024/10/4 4:58,dy,0,空旷的高速路上低速行驶很危险
2024/9/24 1:24,bili,0,"""恭喜恭喜～我的4s已经开不开了。好想回到十年前?玩那个鲤鱼的壁纸"""
2024/10/4 9:57,dy,0,上海市区正常收费标准
2024/10/1 14:05,dy,0,[流泪][流泪][流泪]我爱中国[流泪][流泪][流泪]来生还做中国人[流泪][流泪][流泪]
2024/9/4 15:49,wb,0,很方便呀 第一次发现可以微信支付的时候觉得好惊喜
2024/10/1 7:36,dy,0,委屈吗？
2024/9/29 17:28,dy,0,笑死我了，苏州真正本地人能有多少？1000比1就不错了
2024/9/26 12:15,wb,0,这女的水货
2024/9/25 2:09,dy,0,6666666[暗中观察]
2024/10/2 15:03,dy,0,又是瞄准空地发射？[思考]
2024/10/3 6:02,dy,0,现在呢
2024/9/28 11:55,wb,0,回程票价贵的我都不想说
2024/10/8 6:33,dy,0,这届网友啥都找的到。就是找不到另一半
2024/10/1 14:02,dy,0,前排[害羞][害羞][害羞]
2024/10/23 12:30,wb,0,6个人去拍 工作人员撵他还不走
2024/10/4 8:29,wb,0,这个事我觉得双方都有责任吧
2024/9/11 23:25,dy,0,江西最近新闻多
2024/9/27 17:36,dy,0,[感谢][感谢][感谢]
2024/10/6 15:35,dy,0,德云社有粉丝运营，有人引导的
2024/9/23 23:35,bili,0,"""新概念时空胶囊"""
2024/10/1 10:50,dy,0,这分析牛逼
2024/10/2 23:41,dy,0,居里夫人是谁
2024/10/4 16:20,dy,0,把命交给电子设备[赞][赞]开车我只相信我自己
2024/9/28 14:27,wb,0,再跳也没用，领导不给放假
2024/9/12 1:29,dy,0,店主最后交钱没呀！！！
2024/10/1 14:02,dy,0,希望5年后那里也有我
2024/10/4 23:21,dy,0,收费以公示，你开进入时说明你已接受了收费价格，没理由不交
2024/10/1 3:14,dy,0,为什么要送去呢
2024/10/20 7:14,dy,0,[赞][赞][赞][赞]做的对
2024/10/4 3:43,dy,0,他只是个孩子啊
2024/10/15 12:34,dy,0,热度都过去了才拆？
2024/10/4 14:30,dy,0,摆路障也有问题
2024/10/5 4:31,dy,0,长得这么帅，干嘛要做出这种事呢？[吐][吐][吐]
2024/9/30 11:59,dy,0,他唯一的错被捧杀！
2024/10/6 5:27,dy,0,是不是考虑建个复古铁道公园[抠鼻]
2024/9/17 18:42,wb,0,希望三只羊能走出舆论风波，重新振作起来
2024/9/27 13:41,dy,0,报警结果呢？被女警察教育了一顿吗[捂脸]
2024/9/30 18:13,wb,0,正义的法国人士，太绅士了。只刀了一个
2024/9/27 23:52,wb,0,我就是想知道外甥女怎么赚钱[淚]带带我[淚] [單身狗]
2024/10/3 1:31,xhs,0,nb啊 带我
2024/10/3 16:31,dy,0,好！！！！！
2024/9/30 22:22,dy,0,以后我的孩子不管男女都得学跆拳道或散打
2024/9/26 10:01,wb,0,不要什么都怀疑是假的吧
2024/10/4 10:56,dy,0,这些方案怎么通过的？
2024/9/11 7:46,dy,0,啊？我之前超爱看他[流泪]我从他给他室友做饭就开始看[流泪]
2024/9/27 11:39,dy,0,唯一一个因为球迷讨厌的球队
2024/9/28 11:01,wb,0,所以说钱这种东西最容易伤感情，千万不能乱借。
2024/10/6 12:08,wb,0,偷拍确实很过分。。
2024/9/30 23:48,wb,0,真是……
2024/9/8 14:31,dy,0,这是立牌坊了？
2024/9/27 13:53,wb,0,很好的就业方向
2024/9/27 14:10,wb,0,我想去
2024/10/15 10:05,dy,0,人家直接酒店赔给你得了。
2024/10/2 2:15,dy,0,加油[赞][赞]
2024/10/2 21:34,dy,0,跟谁学的？
2024/9/25 16:16,wb,0,我还以为是钻石男高
2024/9/29 17:45,dy,0,我在上海经常被喊乡下人[尬笑][尬笑]
2024/10/7 9:30,dy,0,歪个题，6年前竟然是2018，我一下子就被震住了[发呆]。说6年前的时候我还想着他两从没出名之前就在一起了，结果是2018[流泪]
2024/10/18 3:12,dy,0,有没有一种可能 他买了
2024/9/30 16:46,wb,0,严惩体罚教官
2024/10/4 7:26,dy,0,不是girls help girls 吗[看]
2024/10/1 12:04,dy,0,雷克萨斯质量真的很好
2024/10/8 13:08,dy,0,波浪碰岸声吧
2024/10/15 1:40,dy,0,[赞][赞][赞][赞][捂脸]绝招[比心][捂脸]
2024/10/3 6:55,dy,0,离岸拉高等南下来接盘，但是股市反人性，南下肯定会出货，回来买大A[尬笑][尬笑][尬笑]
2024/10/4 9:48,dy,0,我的定速巡航我用了几次后就不敢用了，定速的时候会莫名其妙自动加速好快，我都怕失控，后面就自己手动开[捂脸]
2024/10/5 15:06,wb,0,愿我们中国强大，爱你祖国，强大的东方故国，一直在致力于世界和平和稳定
2024/10/5 0:36,dy,0,虽说弱肉强食哪里都有，但是她是奥运冠军诶～不算弱吧？这种于国有功的人也能被霸凌？[发呆][发呆]
2024/10/9 7:48,xhs,0,哈哈哈我去
2024/8/29 15:50,dy,0,我们产煤 10个山西人8个有鼻炎 不是因为自然原因 而是被人需要[流泪]
2024/9/30 16:35,wb,0,应该把对着几把抽把几把打烂以后再抽死
2024/10/9 12:07,dy,0,遥遥领先的你来讲一讲[泣不成声]
2024/9/30 0:18,dy,0,哦，哦，既然不喜欢外地人那都走吧
2024/8/11 22:40,dy,0,现在又该相信谁呢！
2024/9/28 4:05,dy,0,两个月都不去看？我的狗我三天不见我都要去看他
2024/9/29 15:01,dy,0,江东人就是不一样[赞]
2024/9/30 2:10,dy,0,还是蛮团结的[比心]
2024/10/3 6:12,dy,0,靠借贷经济不是长久之计[灵机一动]
2024/9/28 23:32,dy,0,刚看，1万的福袋是10钻石吗？[看]
2024/10/6 2:55,dy,0,不可能，屏幕2000多
2024/10/4 6:21,dy,0,[发怒]最讨厌快速车道开40的，按喇叭还不让车道，气死人
2024/10/2 2:13,dy,0,希望世界和平
2024/10/1 9:05,wb,0,天天新闻都是被被被被被被被
2024/9/20 14:28,wb,0,妈妈:警察同志，你们轻点，弄疼我儿子了。
2024/9/22 9:43,dy,0,能打败对手谁的格局都大
2024/9/17 14:27,dy,0,[赞][赞][赞]
2024/10/14 4:39,dy,0,今年tes一穿三LCK夺冠[流泪]
2024/10/9 19:35,wb,0,为什么外援想直接干杨鸣，难道外援不想要工作了？
2024/9/19 20:49,dy,0,快开到广州
2024/10/13 13:50,dy,0,刷到马上转发给老公[捂脸]
2024/10/4 13:22,dy,0,"自动驾驶出事故谁负责[奸笑]
肯定是设计这个系统的所有人员负全责[我想静静]"
2024/10/1 7:27,wb,0,茗阳汤泉酒店，记住了，避雷#女子称一丝不挂被2次刷开酒店房门#
2024/10/1 15:45,dy,0,年纪轻轻，为了什么？
2024/10/1 7:58,xhs,0,喊莎莎更好听，更亲切吧，昵称都是亲人或者是很熟悉的人才喊
2024/9/25 2:44,dy,0,石家庄
2024/9/24 1:31,dy,0,剧本
2024/8/8 4:54,dy,0,我大理早就有这个了[呆无辜]
2024/10/2 1:06,xhs,0,加油
2024/9/26 12:13,dy,0,我从来不看中国足球
2024/9/18 6:27,bili,0,"""为啥要消费者去找？不该是政府管控市场给我们消费者维权吗？他不主动处理就该有所惩处。"""
2024/10/17 15:18,dy,0,关区两条粉肠鬼事[捂脸]
2024/10/17 20:41,dy,0,明天开始，再也不熬夜刷抖音了，因为熬夜对手机不好
2024/10/23 16:18,wb,0,你的独特就像独一无二的彩虹，绚丽多彩，令人惊叹。
2024/9/12 5:13,dy,0,那个没穿制服的人是谁？
2024/9/29 5:23,dy,0,秦霄贤塌的太突然了，求安慰（180宽肩窄腰同ip）
2024/10/3 3:24,xhs,0,我15年的时候小白进场，我以为跌肯定是正常的，到时候跑就行了。结果千股跌停，那种开始就挂跌停价还出不来的绝望真的太痛了，太痛了。
2024/9/27 10:41,dy,0,送回印度吧
2024/9/30 20:06,wb,0,才一年?
2024/10/3 14:11,xhs,0,窝来噜～
2024/10/6 13:21,wb,0,正常拍照和偷拍女生不是傻子哈能看得出来哈有人说表情管理 那么以前那么多场演出从没黑脸过 而且演唱的歌曲也不需要故意摆冷脸的表情管理女爱豆被偷拍怎么还怪上女爱豆了？
2024/9/29 18:43,wb,0,这和让数一亿粒大米带学校去的老师一样，都对数字没感觉只凭张嘴念，旦凡数学好一点就不会说出罚几百个这种话了
2024/10/1 12:01,dy,0,昨晚在现场[思考][思考]
2024/9/29 10:20,xhs,0,我从-600到-30[微笑R][微笑R]
2024/10/11 10:04,dy,0,哈哈哈哈哈哈哈
2024/10/5 1:35,dy,0,谁拍到大货车占用应急车道了？
2024/10/8 7:55,dy,0,缺乏道德爱国主义教育
2024/10/1 13:05,wb,0,我也試過在西安酒店早上 被 酒店人員開了門，還好上了安全鎖
2024/9/25 21:04,wb,0,审核也没办法，总有万千种方法可以【芝麻开门】～
2024/10/6 11:30,dy,0,游泳馆主要责任，因为游泳馆有分成人区，儿童区，深水区，浅水区。
2024/10/3 3:11,dy,0,这才是文明的发声
2024/9/11 14:37,wb,0,赞同点了姐妹你是会说话的
2024/10/17 0:53,dy,0,还好，大难不死必有后福
2024/10/6 2:19,dy,0,看不起苏州
2024/10/10 1:30,dy,0,听风的蚕说的太对了[赞][赞][赞][赞][赞][赞]l
2024/9/30 3:27,dy,0,早就有了亲爱的
2024/10/1 15:03,dy,0,哈人呃[比心][比心][比心]最终酒店的解释和处理结果怎样的？
2024/10/4 20:55,dy,0,杨鸣付豪对外援骂骂咧咧，以为他听不懂，激怒了外国人，这还不是种族偏见吗，联盟必须重视了
2024/10/4 11:08,dy,0,不把自己生命当回事，别人的生命也不当回事吗？[发呆][发呆][发呆]
2024/9/27 14:52,dy,0,挂单三次卖不出
2024/10/1 15:48,dy,0,我是女生，我骑摩托车十几年了，就像长在我身上一样，运用自如，速度控制在60多迈，没事[呲牙]
2024/9/24 5:07,bili,0,下次带五常大米这种无法检测的就对了，利润也高[doge][doge][doge]
2024/10/4 20:50,dy,0,应急车道是影响救援车辆通行了，还是影响交警值勤了。没有受到影响就算不违法。应急车道划个停车位收费不好吗？干嘛叫应急车道呢？
2024/9/11 8:18,dy,0,没事哈 他还有个弟弟[流泪]声音差不多 而且更帅一点
2024/9/29 9:10,dy,0,正在调查，正在核实，一切都是正在[捂脸]
2024/10/5 0:43,dy,0,罚少了，不是应该罚3000吗
2024/9/24 1:12,bili,0,"""带我回到2014吧，球球了"""
2024/10/4 15:09,dy,0,早就取关了。太尬了剧情
2024/9/11 10:46,dy,0,拿错多少个[尬笑]
2024/10/4 11:45,dy,0,精装的朋友圈，毛坯一样的人生。
2024/9/28 11:19,wb,0,越花越有
2024/8/9 11:59,wb,0,最滑稽的是这句法不能向不法让步出自检察官之口而不是律师，所以注定了现实是骨感的，只能以道德绑架法律。
2024/9/28 0:50,dy,0,直接车内睡大觉，让车排长队，大堵车，让交警、城管、媒体…赶过来。
2024/10/4 12:14,wb,0,优秀
2024/10/4 6:52,xhs,0,保命回答
2024/9/30 10:38,wb,0,天啊
2024/9/30 11:26,wb,0,颖莎快乐打球，健康完赛，这才是最重要的
2024/10/6 9:12,dy,0,我当初也是这样，信阳淮滨人给我也弄过这个事，果断分手
2024/9/12 5:42,dy,0,这么多人打一个人你管这叫肢体冲突 必须严查严办严惩[感谢][感谢]
2024/10/3 17:34,dy,0,感觉董宇辉粉丝群体都是中老年人
2024/9/30 10:24,wb,0,吓人
2024/9/30 22:46,wb,0,证明法国人还是不如美国人
2024/10/4 10:13,dy,0,直接不让停车不就行 明显以盈利为目的
2024/9/24 13:58,dy,0,你有认真看吗[捂脸]zkh让他接广[捂脸]他老是拖很久才拍[捂脸]
2024/10/2 23:05,dy,0,亏妻者百财不入，亏夫者百病缠身
2024/9/27 14:40,wb,0,太離譜了??這都可以趕上電視劇情了
2024/9/12 7:28,dy,0,我看叔叔来了呀，不好管？
2024/9/28 11:08,dy,0,搬走不行吗
2024/10/3 12:17,wb,0,正常，这才是资本的人性
2024/10/1 6:53,xhs,0,我被突然吵起来撅过去了[微笑R]气发财了 分不清去观赛的到底是哪些新粉了
2024/9/28 2:22,dy,0,俩月换一车，房租朝别人借，你是忘了德云社有宿舍吗？
2024/9/23 16:54,dy,0,2号南宁飞厦门，在哪里买机票便宜？
2024/10/1 23:04,dy,0,何必
2024/10/4 11:16,wb,0,（大口呼吸）（捂住胸口）喂，有没有人啊，快救救我！
2024/10/5 6:41,dy,0,为什么专门罚款扣分不直接把前面迅速疏通呢？
2024/9/12 7:35,dy,0,全开了
2024/10/5 4:55,dy,0,[赞]牛逼哈哈哈哈
2024/10/6 8:37,dy,0,看清楚，，，新娘没上车，，，新郎领着的可能是媒婆或者别的老人家
2024/10/4 22:19,dy,0,家长去哪里了？这么久才发现
2024/9/19 16:22,bili,0,"""那我起来。笑死"""
2024/9/12 1:28,dy,0,人才啊，群殴=肢体 冲突，。
2024/9/28 12:39,wb,0,还在在家呆的啦
2024/10/5 9:27,dy,0,英国:一百年前你们可是叫我们英美联军的[泪奔][泪奔][泪奔]现在叫美英联军了？
2024/9/28 12:49,wb,0,100？？？那我可就不忍了哈
2024/10/5 12:42,dy,0,互动也不是谢谢互动[捂脸]
2024/10/13 14:41,dy,0,我家的衣服，只要老公在家都是他洗
2024/10/10 13:02,wb,0,董老师？太抬举他了吧！
2024/9/27 13:51,dy,0,童心未泯
2024/10/6 13:42,wb,0,等那些站着说话｜不｜腰｜疼的人走光被偷，拍就老实了
2024/8/7 9:55,xhs,0,[石化R]好奇！！！！
2024/10/15 11:21,dy,0,苹果16多少钱？
2024/10/5 12:16,wb,0,好可怜，真想帮助一下她
2024/9/27 10:37,dy,0,我上午的单到下午都没有成交了
2024/9/10 22:49,dy,0,一个明星那么快蹿红 哈哈
2024/9/28 9:25,xhs,0,笑死[笑哭R][笑哭R][笑哭R]
2024/10/8 16:18,dy,0,[感谢]
2024/9/28 7:05,dy,0,想搞事开玩笑。那相隔44年的导弹是摆设吗？放入去的意义何在[呲牙]
2024/8/7 11:58,xhs,0,开酒吧问这些问题是想打架吗
2024/10/4 15:08,dy,0,既然是博物馆，为什孩子能拿，这是管理问题，还是孩子教育问题，值得深思
2024/10/4 7:54,dy,0,什么标题，总是性别歧视
2024/9/28 10:20,dy,0,别搞啊，别让我们家小丁别受到影响，到最后莫名其妙的又全怪我们家身上了
2024/8/31 3:43,dy,0,11块钱都出不起，还是不要出门了
2024/10/5 0:47,wb,0,郭老师自己也不正他能整治个啥
2024/9/28 11:01,wb,0,无语=_=100
2024/9/26 9:36,bili,0,人怕出名猪怕壮。赚不少了就停呗，控制不住欲望早晚出事
2024/10/2 2:57,xhs,0,二次元报自推！
2024/8/8 4:56,dy,0,旁边的人这么冷漠吗
2024/9/27 14:51,wb,0,烧饼的媳妇好亏啊
2024/9/27 7:43,xhs,0,大家都买的时候 应该是可以退场的时候了[笑哭R]
2024/9/25 22:25,wb,0,都得抓起来
2024/9/4 15:48,wb,0,做得对
2024/9/29 2:52,dy,0,100元的侮辱费？
2024/10/14 14:50,dy,0,付航 你给我下去！
2024/9/28 3:08,dy,0,这可是梵高不要给我啊[捂脸]
2024/9/29 16:16,dy,0,我杰哥就是地基[灵机一动]
2024/9/28 7:47,dy,0,这个事情高速公司都不管的吗
2024/9/26 12:41,wb,0,TEMA是什么鬼？！
2024/10/1 7:37,wb,0,早！
2024/10/13 10:22,dy,0,这个成语是叫破马张飞吗[噢买尬]
2024/10/5 17:53,wb,0,三星电池已经是老传统了
2024/10/11 10:32,dy,0,不是挺好的吗
2024/10/4 12:50,wb,0,真的好贵啊，还是打车比较方便
2024/9/30 14:41,wb,0,我大学同学前几年向我借钱买二手房，首付加上税费 、中介费得七八十万，能借的都借了，还差十几万，她当时已经好几年不工作了，还得了抑郁症，专门带娃，丈夫挣钱养家，我当时也买房了，我劝她不要给自己太大压力，她说我不理解她，租房子一个月也得好几千，不如买房，后来我发现她把我拉黑了。
2024/10/2 16:54,dy,0,伊朗[打脸][打脸]你能不能凶猛一点
2024/10/6 9:37,dy,0,有点过分啊，一到高潮就………..
2024/10/5 1:22,dy,0,我每次排队不走应急车道，都被老婆说傻！看人家多聪明[捂脸]。
2024/10/2 1:26,dy,0,她很勇敢
2024/10/11 16:44,dy,0,老天都不救你这种人
2024/10/12 16:22,dy,0,哈哈哈哈哈[笑哭][笑哭][笑哭]
2024/10/3 8:51,dy,0,都是人设，包装而已，还不是为了带货，都是资本而已
2024/10/6 9:46,dy,0,希望17可以好一点 真是越来越不喜欢了
2024/10/1 22:57,wb,0,看到这个，赶紧去挂上了锁链，我也老忘
2024/9/15 20:24,dy,0,张本说怎么这么早遇见莎莎[捂脸]
2024/10/1 22:25,dy,0,对手不怕灯吗
2024/9/27 16:01,dy,0,听说很难上3000的，结果异常[捂脸]
2024/10/1 14:08,dy,0,我20-30来年前在田里干活捡到一个葫芦形状的青铜器，有3公分长，一公分宽，
2024/10/15 10:16,dy,0,这样的楼风我都不去[捂脸]
2024/10/4 17:28,dy,0,冤有头债有主[666][666][666][666][666][666][666]
2024/10/6 11:23,dy,0,还得是互联网，都不要彩礼[黑脸]
2024/10/3 17:29,wb,0,抵制谣言
2024/9/30 9:30,xhs,0,心疼死老秦了
2024/9/26 5:27,bili,0,"""iPhone 根号16"""
2024/10/3 6:13,dy,0,[吃瓜群众][吃瓜群众][吃瓜群众]
2024/9/12 2:20,dy,0,先说说怎么依法依规
2024/9/27 15:57,dy,0,因此产生的损失谁来负责？
2024/9/13 7:06,wb,0,听着是女的先打人，男的反击
2024/10/3 4:56,dy,0,放心吧，他们也只是拍个照发个朋友圈而已[泪奔]
2024/10/9 7:15,dy,0,怎么搜不到原视频博主啊
2024/10/1 11:33,wb,0,物理锁的重要性 拉链式 卡口式
2024/9/30 18:03,wb,0,请问罗圣对这个事怎么看
2024/9/30 15:31,wb,0,每年都有体罚事件
2024/10/5 6:15,dy,0,大同不要钱
2024/9/30 16:18,wb,0,才1年？
2024/9/25 16:12,wb,0,根本就不管了，多少次了
2024/9/25 16:26,bili,0,"""单依纯：死嘴你在说什么东西啊！"""
2024/9/29 4:16,dy,0,[微笑][微笑]
2024/10/1 14:02,dy,0,好像去现场看看啊[捂脸][捂脸][捂脸]
2024/10/6 13:09,dy,0,女士大义[泪奔]
2024/9/26 3:45,dy,0,[666][666][666]
2024/9/30 23:12,dy,0,[发怒]
2024/9/12 2:53,dy,0,苦命人何必为难苦命人
2024/10/1 22:06,wb,0,日法关系受影响了吗？
2024/10/7 0:19,dy,0,你算的是物料成本，算不算供应商的税？运输成本，包括苹果的代工生产成本，税收，运输，
2024/10/3 5:43,dy,0,越跌越好[呲牙]等我过完节
2024/10/1 10:21,wb,0,wasai
2024/10/4 11:46,dy,0,这特斯拉也不行啊
2024/10/17 4:42,dy,0,老美最坏
2024/10/2 4:49,dy,0,应该犯法了吧
2024/9/25 13:22,bili,0,"""随地大小品"""
2024/10/3 3:24,dy,0,要不让核弹多一个计量单位[看]
2024/9/24 19:02,bili,0,我咋就不信直接打呢？ 真要打假你直接去举报不就得了，是不是先去勒索了？
2024/9/26 1:57,dy,0,李观洋也更新了
2024/9/11 5:35,dy,0,很有种[赞]
2024/9/28 6:16,dy,0,[发呆]
2024/9/26 11:13,wb,0,韩国男选手老爷级别很高啊，安排奥运冠军给他们洗内裤！
2024/10/1 22:42,dy,0,网红害死了多少正值年华的人！网红，一个被资本捧杀出来的名词
2024/10/22 10:47,dy,0,就在旁边看着咋不管呢
2024/9/27 20:43,wb,0,什么？….  9个月 那我可不可以…….去…… ？？
2024/9/28 12:50,wb,0,去欧洲东南亚日本的多
2024/9/26 10:51,dy,0,虽然不太喜欢武磊，但是不得不承认武磊是目前国内最好的锋线之一！骂几句武磊可以，但是骂人家家人是不可以的！
2024/9/30 15:22,wb,0,太无语了 这些机构
2024/9/24 12:24,bili,0,"""央视观点"""
2024/10/3 4:01,dy,0,两周前硬生生被我听成了两年前
2024/9/28 11:00,wb,0,九百万对我来说就是天文数字
2024/7/23 18:09,dy,0,感觉迟早被端[发呆][发呆]
2024/9/24 16:34,dy,0,上班的时候在警局喝茶，下班的时候就去酒店装摄像头
2024/10/18 0:39,dy,0,哼哼哼哼哼哼哼哼哼哼哼哼哼[泪奔][泪奔]
2024/8/11 23:39,dy,0,前几天看视频小伙儿挨揍的时候，好像说什么“不敢了”
2024/10/16 8:07,dy,0,我经常有睡觉的时候，送水果，或者打扫卫生的进来。那这个我应该索赔多少？
2024/10/6 23:08,xhs,0,在秦霄贤面前撒狗粮
2024/9/29 4:18,dy,0,关键是你回本了吗[捂脸]一开始我就准备这样问的
2024/9/25 16:39,wb,0,我就好奇女的到底看不看黄？
2024/9/29 14:13,dy,0,该滚了
2024/10/14 9:38,dy,0,等会就打起来了
2024/10/1 3:36,dy,0,窒息[流泪]
2024/9/28 10:59,wb,0,100元？？？？什么法院
2024/10/5 1:56,dy,0,可怜的娃
2024/10/6 9:14,dy,0,我[快哭了]
2024/9/4 17:27,wb,0,可以用微信立减金购物了
2024/7/23 17:32,dy,0,男生多最后永远会变成讨论政治，一大群人一起建政，然后因为这个举动的敏感性让酒吧开不下去[捂脸]
2024/9/23 15:05,bili,0,"""我也留着十多年前的手机"""
2024/7/23 17:19,dy,0,政治历史的话还不错其实，这两门课的老师吹牛逼真的挺好玩的
2024/10/2 4:33,dy,0,媒体不让播，具体大家懂的
2024/10/5 14:22,dy,0,昨天换的屏幕，2200[泪奔]
2024/10/1 2:02,dy,0,月入5000超过93%的人穷人永远是大多数，富人永远是少数，中国交个税的只有8000万，我国的穷人是真的多呀[捂脸][捂脸][捂脸]
2024/10/5 15:01,wb,0,印度嘛
2024/9/25 22:23,wb,0,绝对不可以说苹果商店有问题
2024/10/6 0:48,dy,0,彩礼还得看广东[捂脸]，8000-5万，现在普通家庭都是3万封顶
2024/9/26 15:26,dy,0,啥意思啊
2024/10/1 22:18,dy,0,[赞][赞][赞]
2024/9/12 8:45,wb,0,锁喉问暴的那位处理了没
2024/10/3 6:19,dy,0,一点痛苦没有[看][看][看]
2024/10/5 22:20,dy,0,离中国有多远
2024/9/10 20:26,dy,0,原则哥[看]
2024/10/5 1:20,dy,0,不管多少，性质不一样
2024/10/3 1:23,dy,0,人贫穷的时候必须找个信仰，无所谓对错，就是毒药也喜欢吃，上瘾！支持董宇辉，讲啥都对，反正我啥也不懂，你只要开口我就心灵满足！[捂脸][捂脸][捂脸]
2024/9/11 7:27,dy,0,又有变化了，出聊天记录了[比心]两个都半斤八两，绝配
2024/9/26 14:01,dy,0,请问是哪里的？哪个省的？
2024/9/18 0:39,bili,0,"""以前村里，先表演一段才艺，然后开始卖货，后来转型成这了"""
2024/9/18 8:16,dy,0,那是上课呢，还是卖酒，不要告诉我老板做慈善[看][看][看]
2024/10/4 11:14,dy,0,[看][看][看][看]
2024/10/4 1:40,xhs,0,我也喜欢秦霄贤[飞吻R]
2024/10/4 11:28,dy,0,景德镇又不好玩
2024/9/13 13:02,wb,0,他们总是选择性装瞎，只打顺风局。
2024/9/25 12:19,dy,0,kr已经原谅周恺恒了
2024/9/11 12:28,wb,0,无语=_=
2024/9/26 2:08,dy,0,[玫瑰][玫瑰][玫瑰]
2024/9/27 1:46,dy,0,这是强卖，堵路出现事故一个都跑不了[捂脸]
2024/9/30 13:20,dy,0,健身的意义，不只是为了自己[敲打]
2024/9/4 21:49,wb,0,这样的话岂不是更方便了吧  局限于zfb不如这个
2024/8/10 11:06,dy,0,拍这个视频人绝对知道真相，但是为了流量胡说八道
2024/10/6 11:51,dy,0,就这彩礼就是个笑话
2024/9/30 12:48,xhs,0,来，为了热量吵一架吧，豆腐脑是咸的！
2024/9/12 3:51,dy,0,这不叫肢体冲突 这是群殴[尬笑]
2024/10/1 11:04,wb,0,啊
2024/8/10 10:41,wb,0,原来是无业青年故意惹老年人，为了赔偿款吧。
2024/9/23 10:47,bili,0,"""看看现在的猫猫[doge]"""
2024/10/5 0:33,dy,0,万幸
2024/9/24 16:55,dy,0,[赞][赞][赞]
2024/10/1 8:49,dy,0,签谅解书了吧
2024/9/27 2:17,xhs,0,學習為未來老公辦事
2024/10/6 0:51,dy,0,买袋沙子更便宜
2024/10/1 11:57,wb,0,爱TV
2024/9/26 8:10,dy,0,来中国吧。你这样的人才我们还是欢迎的
2024/9/28 11:23,wb,0,100能干啥
2024/9/13 9:41,wb,0,韩国很多吃播都要健身的
2024/10/4 10:23,dy,0,我直接没去[捂脸]
2024/9/24 11:36,bili,0,"""这才是真正的时间胶囊啊"""
2024/9/27 15:11,dy,0,那你让海港俱乐部有没有制止一小辍海港极端球迷？
2024/9/11 3:25,dy,0,还是那句话 板子打不到自己身上不知道疼 等到你老公男女通吃 同时谈好几个的时候希望你也继续溺爱[尬笑]
2024/9/26 13:54,wb,0,哈哈哈哈哈哈哈哈哈哈哈
2024/9/24 7:40,bili,0,"""话说苹果用户都这么好说话吗，锁十年也不处理？也不投诉？这个手机当时就很贵，果粉果然自适应"""
2024/10/6 2:33,dy,0,工作人员在干什么呢？
2024/10/3 10:35,xhs,0,秦**已经塌了
2024/9/26 5:20,bili,0,刘宇宁真是天选目击者，经常被动见证各种名场面的男人
2024/9/26 6:01,dy,0,韩国不止运动圈，还有娱乐圈，弄不好还有其他圈子对女性有歧视，从生育率逐年下降就能看到女性地位越来越低。我们国家生育率低大部分原因是因为生活压力，还是咱大中国好。
2024/9/12 8:15,wb,0,执法人员，牛逼
2024/9/11 15:35,wb,0,女粉不少，这次怕是要掉很多粉
2024/10/7 7:09,dy,0,报警，危害公共安全
2024/10/5 14:28,dy,0,现在有的人旅游就都是为了拍张照片就走 一问都看了啥屁也说不上来 就为了发个朋友圈 这也能排上队也是牛了
2024/10/18 2:05,dy,0,这真的是要崩溃了，太不容易了
2024/10/10 15:41,dy,0,我后天要过去……这
2024/10/1 7:27,wb,0,早山山，国庆快乐
2024/9/15 2:39,dy,0,只要马大厨不玩心眼，莎莎一定是冠军。
2024/10/2 2:13,dy,0,还是有一些落在地上
2024/10/6 12:07,wb,0,荣耀不错我一直在用
2024/10/9 2:53,dy,0,一亿人进去会怎样
2024/9/12 3:51,dy,0,还是等后续吧，谁的问题不好说[微笑][微笑][微笑]，不是谁拍视频谁有理
2024/9/13 13:47,bili,0,"""[吃瓜][吃瓜]"""
2024/10/6 7:36,wb,0,没把麦克风砸到偷拍者的头上，柳智敏真的很有素质
2024/9/11 6:30,wb,0,他一直内双 只不过出活动贴双皮贴
2024/10/1 3:43,dy,0,现在人都清醒了，黄金会涨我信，房子这种人造的越来越多的东西不可能涨了，因为已经到达历史极限顶峰了
2024/10/3 5:31,dy,0,V起来了[泪奔]
2024/9/26 13:04,wb,0,单依纯好棒呀
2024/10/4 8:53,wb,0,真是熊孩子啊
2024/9/28 1:59,dy,0,小孩是国家的不是你们自己的人
2024/10/8 13:47,dy,0,啥也没有全靠想象
2024/10/2 10:51,dy,0,大酒店太坑了 我一般住火车站附近的旅店[逞强落泪]
2024/9/11 15:29,wb,0,怎么看个做菜博主也能塌
2024/10/1 11:50,wb,0,主要是男方不负责任，真的就挺让人无语的
2024/8/29 10:23,dy,0,怎么没人说煤矿工人会得尘肺啊？
2024/9/27 21:59,dy,0,野人吗
2024/9/25 15:18,bili,0,"""up在小红书发了新的视频，手机可以打开使用，可以证明不是倒着拍的。然后up说看到有人提出4s有个bug不插卡被锁，所以也怀疑可能不是家人输错密码导致的锁定，去询问了苹果官方客服，还在等回复。"""
2024/9/28 0:49,dy,0,同样的问题，我昨天我遇到了[抠鼻][抠鼻]
2024/9/30 3:32,dy,0,说退役，是说的陈梦吗
2024/10/3 10:48,wb,0,爆碳组合我滴爱
2024/10/4 2:27,dy,0,落花情
2024/9/27 10:28,dy,0,年轻人的按耐不住[发怒]荷尔蒙爆棚的体现[发怒][666][666][666]
2024/9/27 8:34,dy,0,这个事情我在小学时遇到过，对方是一群同龄的孩子
2024/10/13 1:27,dy,0,这个干吃一盆就是产量少不挣饯
2024/10/15 9:32,dy,0,门关没关紧跟私闯有啥关系，就算不关门也不能随便进别人房间吧
2024/9/29 10:55,dy,0,海鲜进口大陆
2024/9/11 6:12,dy,0,我喜欢张雨绮[捂脸][捂脸][捂脸]
2024/10/4 11:46,wb,0,看了评论区王曼昱粉丝真的素质感人啊
2024/10/4 11:07,dy,0,还没开放自动驾驶吧？
2024/10/5 12:58,wb,0,（王妈看到微博，一脸惊讶）手机冒烟？！这是怎么回事？！（紧张）少爷，你快看看你的手机！
2024/9/26 18:59,wb,0,东北雨姐应引以为戒，积极改变。
2024/10/1 2:01,dy,0,雷总好样的[鼓掌][鼓掌][鼓掌]
2024/9/12 7:41,dy,0,上海人不是素质挺好吗？[晕]
2024/10/4 1:45,dy,0,天啦，100多万吨，30 年
2024/9/11 7:07,dy,0,没听过这男的名字[捂脸]
2024/7/23 17:39,dy,0,这不就是茶歇吗？
2024/9/19 10:54,dy,0,我想开一个，可我身边都是些没文化的，请问如何能召集到这么多学术大佬
2024/10/1 15:29,dy,0,这种东西也就大城市，核心区的看看就行了[捂脸]小地方能把工作保住房子保住就很好啦
2024/10/17 18:23,dy,0,大哥的防控导弹怎么弄没没弄去[抠鼻]
2024/10/5 14:20,wb,0,是呀
2024/10/15 2:34,dy,0,怎么还摇上花手了呢[捂脸]
2024/9/29 15:32,dy,0,跑步入场[微笑]
2024/9/26 13:11,wb,0,看到这样的霸凌行为，真的是好过分呀！
2024/9/11 8:42,dy,0,做饭博主真去做饭了[宕机]
2024/9/26 12:05,wb,0,我去山东玩，小孩吐了几次去了医院。然后也没化验啥的听了听心脏就说吃多了，然后就问要输液还是吃药，说药可能苦不好咽小孩不吃，一个劲的暗示我输液。这还比较大的医院呢（或许还看到我们不是本地人），这要稍微小点的估计直接就光开输液了吧。。。
2024/9/11 0:38,wb,0,不是说不谈对号入座吗，粉丝怎么破防了，求锤得锤哇哈哈哈
2024/10/6 0:30,wb,0,你今天的努力，是幸运的伏笔，当下的付出，是明日的花开。即使现在还看不到成果，请不要着急，最好的总会在最不经意的时候出现。让我们怀揣希望去努力，静待美好的出现。
2024/9/20 13:38,wb,0,警察知道这小子打的是亲妈  下手更用力了
2024/9/27 19:50,wb,0,几个月？居然不是9年是9个月？
2024/10/5 18:27,dy,0,想不通，彩礼肯定是自己花啊，谁会给父母兄弟？？[宕机]
2024/10/1 14:04,wb,0,小米加油
2024/9/5 18:57,wb,0,方便了消费者选择支付方式
2024/10/5 1:53,dy,0,昏迷应该是不呼吸的  所以进不了水 没事
2024/10/17 14:00,dy,0,有些钱可以挣，有些钱考虑该不该挣[福]
2024/10/2 1:35,dy,0,是我真怕打扰她，比赛时连呼吸都是紧张的…
2024/10/16 7:23,wb,0,据说希特勒是犹全球主义者的苦肉计的工具人
2024/9/13 9:23,wb,0,怪不得暴食被列为七宗罪之一
2024/9/15 4:37,dy,0,今年有着中国血脉的外国人真的有实力
2024/10/6 9:41,wb,0,#iPhone16物料成本拆解出炉#这款手机到底要多少钱？不知道我买不买的起？
2024/9/30 17:41,wb,0,一年？》？？？？？？？？？？？？？？？？？？？
2024/9/26 10:54,bili,0,最关心的话题一句不提啊，人家职业打假人，打你红薯粉是假的，打着了吗？是真的是假的？你们打架斗殴的事，关消费者屁事
2024/10/5 3:58,xhs,0,我也想试一下，但是我害怕[哭惹R]
2024/8/10 4:07,xhs,0,怎么不讨论一些理工科学术呀，是因为不喜欢吗[飞吻R]
2024/10/4 5:55,dy,0,吃多了[捂脸]
2024/10/3 7:14,dy,0,回来了
2024/9/17 4:02,dy,0,刘女士怎么处理勒，造谣得负责吧
2024/10/1 14:05,dy,0,今天不适合刷抖音，看着看着眼泪就下来了
2024/9/24 9:03,dy,0,巨龙巨龙你擦亮眼
2024/8/7 12:46,xhs,0,这问题真能破冰吗？
2024/9/25 20:06,wb,0,笑死了怎么又演小品！
2024/9/25 15:26,wb,0,有男男的么
2024/10/8 11:05,dy,0,自动驾驶就靠他们完善了[捂脸]
2024/10/4 15:01,dy,0,孩子玩水，父母尽然不在旁边看着？也是心大了
2024/9/28 8:26,dy,0,我点外卖时候得先算一下时间 必须预算争取要在五分钟以内拿到[捂脸]真的怕被偷[流泪]
2024/9/29 10:07,dy,0,我就是大涨前 清仓的[泣不成声][泣不成声][泣不成声]
2024/8/31 4:25,dy,0,面馆是好的，但是400块的煤一点都没买到过，都是1000+
2024/10/6 9:10,wb,0,这也太良心了，得多买点
2024/10/6 13:47,wb,0,再贵成本能超过4000吗
2024/9/15 6:19,dy,0,美和也很棒[抱抱你]
2024/10/17 0:37,dy,0,用着15PM买了16plus   16plus音质绝了   但是用了高刷真心回不去60赫兹了   卖掉16plus[流泪][捂脸]血亏1500
2024/9/27 18:14,wb,0,对啊
2024/10/4 4:01,dy,0,带这种孩子去奢侈品店玩，各种跑车店去看车，让他们涨涨见识[奸笑]
2024/9/6 14:01,dy,0,在各军区挑选十个人上
2024/10/4 15:24,dy,0,才 200 吗，不罚重点他们就不重视
2024/9/26 3:52,bili,0,"""明年还会call back的"""
2024/10/11 10:15,dy,0,成事不足败事有余，说的就是这种吧
2024/9/24 14:46,dy,0,没想到柯冉会这样[流泪]，巨龙和zp也很遗憾
2024/10/4 8:33,wb,0,够狠
2024/10/4 17:26,dy,0,太闲了[捂脸]
2024/9/4 18:07,wb,0,互联互通为大家网购带来更多便利
2024/9/4 19:11,wb,0,好久没有用淘宝了
2024/8/30 5:51,xhs,0,我儿子第一次发烧的时候去看医生，她说多问诊，少用药。太对了。
2024/10/6 13:55,xhs,0,已发，不按套路出牌，天天吵架，目前还没分
2024/10/14 14:50,dy,0,[捂脸][捂脸][捂脸][捂脸][捂脸]高手[赞][赞][赞][赞][赞]
2024/10/14 14:35,dy,0,我觉得说的好像 跟我们家那位一模一样[捂脸][捂脸]
2024/10/22 18:50,wb,0,我仅代表个人想蹭的心挺明显的
2024/9/25 18:49,wb,0,不知道
2024/10/4 0:23,dy,0,一直都不太懂，这个所谓的夏令营 到底是干嘛的[疑问]
2024/8/8 5:47,dy,0,旁边的人那么冷漠的啊
2024/10/5 3:23,dy,0,这么舒坦，[赞]
2024/9/28 5:00,dy,0,画画跟气候环保有什么关系，都泼了多少次了，这些人的思维是太高阶了吗
2024/9/28 10:41,wb,0,噫呃
2024/10/3 5:38,dy,0,莎莎英语[赞][赞][赞]
2024/10/6 17:34,dy,0,芜湖～
2024/10/4 0:23,dy,0,高通骁龙全球首发！
2024/10/6 8:01,dy,0,[看]都不要彩礼是吧，我也不要
2024/10/7 3:14,dy,0,苹果双叠屏还没做出来吗？
2024/10/5 22:50,wb,0,注意
2024/10/1 3:59,dy,0,年初房子挂300没人买，昨天刚刚100亿成交了，利好政策立竿见影。
2024/10/9 11:36,dy,0,幸好救过来了[赞]
2024/9/19 4:26,xhs,0,被孩子打着，还去看手机？她是拿手机报警吗
2024/9/25 5:10,dy,0,职业梦所以加入spo？[泪奔]
2024/10/5 12:11,dy,0,死忠粉自愿送一血[坏笑]
2024/9/18 4:18,bili,0,"""没在直播间买过任何东西的小伙伴有吗[滑稽]，我算一个"""
2024/9/7 0:21,dy,0,还是不知道自己错哪儿了？还是别再提了为好就让时间冲淡一切吧[捂脸]。
2024/10/14 3:31,dy,0,有几个是来看打球的 都看杨教表演了
2024/10/17 13:06,dy,0,我懂了，何炅是锁心，主聪慧[看]
2024/10/6 5:40,dy,0,本来出事后速度澄清给女方道歉最多就是道德层面的事情非要闹到现在成法律层面的事情了[捂脸]
2024/10/1 13:31,wb,0,首先，酒店裸睡十分不卫生不建议这样做，其次，除了反锁门后有一个防盗链得挂上
2024/10/5 4:57,dy,0,两块一斤的土豆也是明码标价呀都发10W停车场也不能说涨价就涨了呀
2024/10/1 23:08,dy,0,怎么回事关注一个死一个[流泪]
2024/10/5 19:40,wb,0,是的 现在选择也很多了 一年换一台属实没什么必要
2024/10/4 12:10,dy,0,我女生 我最烦拍照和打卡 但是我有一个爱拍拍拍的老公 服了 终究还是把自己拖累了[泪奔]
2024/9/19 15:41,bili,0,"""这要是我？我爸跟我五个舅舅不得六排混打？"""
2024/9/25 13:44,xhs,0,什么叫底层思维 kr就是 既要又要还要 不知感恩
2024/10/4 15:27,dy,0,兄弟，跟你没关系
2024/9/29 16:56,dy,0,来广东吧，我们不排外。欢迎过来广东稳大钱[呲牙]
2024/10/4 6:42,dy,0,"高速公路三条道的最低时速，最左100,中间90,最右60"
2024/10/21 7:21,dy,0,他要急死了[捂脸]
2024/10/4 13:07,dy,0,我媳妇五年驾龄，下面随便她开，高速坚决不让开
2024/10/8 1:17,xhs,0,不是 你们分手了 都跟前任还有联系方式啊[笑哭R]
2024/10/1 15:35,dy,0,基本面没变化的情况，股市楼市还是要谨慎
2024/10/17 13:07,dy,0,何老师：“你给我等着[表面微笑]”
2024/10/1 14:04,dy,0,敬礼[赞][赞][赞][赞][赞][赞][赞][赞][赞][赞][赞][赞]
2024/10/1 8:48,dy,0,女骑手已经走了好几波了[流泪]
2024/10/18 10:20,dy,0,xmm开始疯狂了[看]
2024/10/15 10:20,dy,0,真敢要啊
2024/10/5 15:10,dy,0,王烁账号私密了
2024/9/27 15:53,dy,0,哈哈 天大的笑话
2024/9/27 14:59,wb,0,名媛这个词不知道从什么时候起，变成了贬义词了
2024/9/26 18:13,wb,0,下午好啊
2024/9/28 11:45,dy,0,[流泪]这种学校的存在意义是什么
2024/10/5 14:57,wb,0,这样的事情真的不是开玩笑的
2024/8/31 2:42,dy,0,这些矿工到西安火车站可以坐在广场草坪边吗[尬笑]
2024/10/1 18:14,dy,0,怎么没有余大嘴的重要讲话呢？
2024/9/30 4:36,dy,0,无语
2024/9/11 7:22,dy,0,你个做饭博主，你还真做起来饭了
2024/9/10 23:08,dy,0,还好我粉得是那个比伯候[憨笑]
2024/10/5 21:00,dy,0,三遍观众都会夹了[泪奔]
2024/9/26 12:29,wb,0,单姐牛
2024/9/28 12:45,dy,0,您一天回了25%，我一天回25%的25%
2024/9/25 15:41,wb,0,我说得没毛病吧
2024/10/1 14:36,wb,0,的确是的
2024/9/11 8:50,dy,0,哈[尬笑]我还挺喜欢看他的[尬笑][尬笑]无语死了[尬笑][尬笑]
2024/9/11 13:18,wb,0,笑得好崩溃，我答应跟你见面是因为我没吃过西班牙菜最后也是我付的钱，你想吃问个地址自己吃不就得了，那么有钱非要请别人一起吃是吧
2024/10/4 9:57,dy,0,秦霄贤是救了粉丝的命吗？什么都敢为他做[绝望的凝视]
2024/9/11 14:58,wb,0,就当时操着一口东北口音，然后跟着其他视频学做菜，莫名其妙就火了
2024/10/19 14:16,dy,0,天宝那段简直太浮夸了！！！
2024/10/11 9:53,dy,0,舒服了  还好是他孩子
2024/9/18 14:32,bili,0,"""看样子是要保三只羊了[doge]"""
2024/10/15 11:07,dy,0,说实话我也拿着主卡去开过别人的门，还不止一次[呲牙]
2024/10/17 14:08,dy,0,看看美英是不讲道理的。果然偷袭
2024/9/27 12:33,wb,0,警察带检测仪，每天抽查酒店民宿，你看他还敢不敢安装，只要有装的，严惩酒店负责人！如果负责人推卸责任说是客人安的，不要管，照样罚负责人！！负责人自然而然就进行自查自改了！
2024/10/14 8:19,dy,0,观众席上居然没人笑  甚至没人在意杨导[大笑]
2024/10/4 14:33,dy,0,直接罚款更实际，比如1000起，然后被火车撞亖了，还得承担全部责任
2024/10/22 3:11,dy,0,世界和平！
2024/10/2 15:27,dy,0,一看就是白象支援的技术[看]
2024/10/15 10:48,dy,0,既然他不给，那就不要他赔钱，告他强奸未遂。
2024/7/24 0:57,dy,0,这不沙龙吗
2024/9/17 15:43,dy,0,呦西，美和桑，你中文说得一级棒的呢[捂脸][捂脸][捂脸][捂脸]
2024/10/11 17:03,dy,0,父爱爆棚
2024/10/3 21:13,wb,0,王曼昱加油！！
2024/10/1 13:34,wb,0,雷总，国庆节快乐，越来越帅了
2024/10/7 22:12,dy,0,哈哈[捂脸][捂脸][捂脸][捂脸][捂脸]
2024/9/22 13:56,dy,0,那个跳水了[捂脸][捂脸][捂脸]我去看看
2024/9/28 22:09,wb,0,毕竟上港有神医
2024/9/28 13:32,wb,0,起诉成本的比这多吧？
2024/10/14 6:42,dy,0,一场球赛下来把教练累够呛
2024/9/24 10:23,xhs,0,第一次刷到雨姐觉得她挺虎的，点了少推荐[笑哭R]
2024/8/8 5:09,dy,0,这是老年人吗？身体比年轻人都强壮[发呆]
2024/10/5 0:52,dy,0,都有玻璃罩着呢，怎么拿出来的？
2024/9/7 3:37,dy,0,是你们的格局问题，无关任何
2024/10/6 2:27,dy,0,曲风不同！新贵妃醉酒大家伙都唱不上去，水平要求太高！跟有没有五百的实力没关系！
2024/10/1 9:01,dy,0,发球的时候大声喊，两次了
2024/9/30 9:07,dy,0,太轻了
2024/10/1 7:48,xhs,0,没有打扰过正常比赛，真的是赢了之后才喊的，别喷！！！
2024/9/24 15:16,bili,0,"""老仙后了[脱单doge]"""
2024/10/14 5:53,dy,0,干的漂亮[赞][赞][赞]
2024/10/15 0:22,dy,0,好像在比划说上天保佑让我们赢[调皮][调皮][调皮]
2024/10/15 13:36,dy,0,解气[捂脸][捂脸][捂脸]
2024/10/5 0:33,dy,0,宁愿看着拍视频，我不去救人[捂脸]
2024/9/6 2:33,xhs,0,你以为整改了啥？
2024/9/24 6:24,bili,0,"""以前以为千禧年算梦核，现在10年都算梦核了"""
2024/10/15 14:44,dy,0,等明年618掉到5399就是绝杀
2024/9/15 6:34,dy,0,你这个记者就不会提问，你这是专门搞事情
2024/10/13 14:38,dy,0,盼盼到家，安居乐业[看]
2024/10/21 22:59,dy,0,借您吉言[玫瑰]
2024/10/1 2:03,dy,0,我是第二
2024/9/27 7:25,dy,0,明白一个道理走昭通不仅要过路费，还得买东西不然你走不出昭通[捂脸][捂脸]
2024/9/11 11:15,dy,0,可是于适不是山东人，是辽宁人啊
2024/9/28 14:46,dy,0,终于理解原生家庭的可怕，因为那个时候就算叛逆也得寄人篱下接受很多无可奈何的妥协
2024/10/3 0:50,dy,0,中介说要涨价了
2024/9/11 7:59,dy,0,刚迷上没几天就出黑料了
2024/10/4 12:39,dy,0,从来不相信这个东西，还是要相信自己
2024/9/30 22:09,dy,0,放假了都不能好好陪孩子，还送去夏令营。
2024/9/26 23:28,dy,0,可是关我们什么事儿呢？他为什么不向政府去那个呢？我们也能干嘛呢？管好自己的国家[哈欠]
2024/9/27 14:09,dy,0,担心还会不断出现
2024/10/5 12:19,dy,0,希望世界像爱男一样爱我
2024/10/3 13:48,dy,0,"展方监管不到位…
未成年监护人理应协商赔偿[鞠躬]…"
2024/10/3 22:06,dy,0,有些人让他说实话就那么难   你[赞]
2024/9/26 13:09,wb,0,确实是很好听了，特别有感觉
2024/9/22 14:08,dy,0,我提早二十几天，买大连到温州，瑞丽航空550，前几天来个航班取消[泪奔]，我又买了九元航空要829还没有免费托运行礼[泪奔]。这种损失找谁赔偿，说取消就取消[泪奔]
2024/10/14 9:56,dy,0,这些主意好，你给女人上了一课[赞][赞]
2024/9/24 7:08,bili,0,啥意思 她也塌了吗
2024/10/5 9:12,wb,0,这算是中东地区的局部冲突升级了吗
2024/9/10 2:17,dy,0,其实都是误会，谁都没有错的。都是根据自己的想法出发的。没必要去揪着这件事情不放。除非真想蹭流量。现在网上的嘴巴都太毒，希望网上的这些人嘴下留情。太把事情当回事的时候，就容易出事。
2024/10/3 7:47,dy,0,没有新闻报道了吗
2024/9/4 18:07,wb,0,被打败了再开放有啥了不起的～
2024/9/11 9:50,wb,0,就是这样的，牛郎就是这样的
2024/9/24 5:37,bili,0,网上不是说卖红薯粉，但是检测只有木薯粉嘛，还打人[藏狐]
2024/9/23 5:47,dy,0,实际上很正常。毕竟老板就是老板。有句话说的好，钱在自己手里，那才叫钱，在你学会一门技术以后，在你有人脉的情况下，你绝对会想着单干，而不是继续打工。因为你会想去发挥自己的价值。毕竟钱在自己手里，那才是自己的钱
2024/10/5 1:51,dy,0,不知道青岛的海鲜还能不能吃
2024/9/28 14:49,wb,0,不理解扎堆游玩的人群
2024/10/5 1:06,dy,0,[感谢][感谢][感谢][感谢][感谢]不知沒救了孩子！妈爸没负担
2024/9/12 8:19,wb,0,应该外派到我国的台湾省，这样就可以发挥作用了
2024/9/28 8:31,dy,0,刚刷到原视频。
2024/10/5 22:44,wb,0,徐州
2024/10/4 10:22,dy,0,我滴妈！我要取关了
2024/8/29 5:34,dy,0,为什么要激化矛盾？就因为要热度？我了解的是，店家之前没有说明情况，在三人发现差价收费之后，也并没有给出解释表示直接减掉差价，这让人怎么想？？？三人也不是专门找大博主宣传这行为[尬笑]，为什么炒热了什么成分我不说，这相当不利于国家省份团结了
2024/10/1 16:40,wb,0,就没有法国人献花吗
2024/9/30 22:24,dy,0,或许真的需要一个城市之光
2024/10/4 17:30,dy,0,救活了！也会有影响，因为大脑缺氧很严重的
2024/9/28 14:19,dy,0,还亏20%回本，再也不玩了[流泪]
2024/9/26 13:20,dy,0,国内是网暴
2024/10/6 9:26,dy,0,不要彩礼的有没有，带我走
2024/10/1 14:01,dy,0,激动的心情，颤抖的手，看你们跑起来！[色][色][色]
2024/10/3 5:02,xhs,0,额啊啊啊啊[色色R]
2024/10/2 0:30,dy,0,国家已经放开日本海产品进口的禁令了，大家怎么看？我是不会碰海产品的附属产品了[流泪][流泪][流泪]
2024/9/27 23:38,dy,0,你们都是玩抽象，我是真的要买房，房主真的变卦舍不得卖了[尬笑]本来都谈好了他嫌价格便宜又不愿意卖了[尬笑]
2024/10/4 13:01,dy,0,王烁是他们4个中我最喜欢的一个，结果他塌房了！啊啊啊受不了了，这个世界怎么那么残酷啊
2024/9/27 23:20,wb,0,散户要买都买不进，给谁恢复了
2024/9/18 4:09,bili,0,"""直播带货无感"""
2024/9/12 2:13,dy,0,后续呢？这店主被判了多少年？
2024/10/3 4:11,dy,0,[看][看][看]
2024/9/26 12:26,wb,0,小姑娘单依纯太可爱，挺好的！这不是就上热搜了吗???
2024/10/1 2:04,dy,0,中国牛[流泪]雷总牛[流泪]小米牛[流泪]
2024/10/5 14:57,wb,0,这真的太荒唐了 严惩不贷
2024/9/15 8:32,dy,0,记者是没啥可问得了么，
2024/9/28 19:14,wb,0,好家伙都几百万的借啊……我借个千把块钱都要做好久的心里建设……
2024/10/2 9:34,dy,0,要这种机车的，，，不敢说
2024/9/30 17:17,wb,0,二线城市也是吗
2024/9/11 9:01,dy,0,不是神奇海螺还塌房啦
2024/9/6 14:14,dy,0,起码一直比较
2024/8/7 6:34,xhs,0,怎么分辨是不是装逼：这事如果禁止拍照的话你还做不做
2024/7/26 13:54,dy,0,和以前哲学辩论一样嘛
2024/9/11 11:22,dy,0,那会她也单身，都单身不能谈恋爱？
2024/9/28 6:41,dy,0,我们支持你
2024/10/22 0:41,dy,0,梦想成真发大财[色]
2024/8/30 0:08,dy,0,这贵吗我请问这不是正常价格吗？ 又不是33块钱一碗[微笑][微笑][微笑][微笑][微笑]
2024/10/6 10:43,dy,0,看这新娘算明白人，不会和她哥一起要。不然就各自安好[奸笑]
2024/9/27 10:19,dy,0,[捂脸]现在还有这人，找活干啊
2024/9/4 16:55,wb,0,最好是能用微信支付分，这样就能用先用后付了
2024/10/5 10:22,dy,0,不说都干
2024/9/15 7:52,dy,0,她有没有关注未来的对手郭依嘉[大笑][大笑][大笑]
2024/10/4 2:20,dy,0,说白了不值钱报警没用[捂脸]
2024/9/27 14:37,dy,0,终于开始了749句
2024/9/11 0:18,dy,0,下一条就是于适[捂脸]
2024/10/3 22:22,dy,0,吃饱撑的没事干 去这种地方
2024/8/26 14:56,xhs,0,还家人一个公道
2024/10/5 10:25,dy,0,伍佰想学我还嫩着呐[捂脸]
2024/9/6 16:39,dy,0,抗压技能点点满[捂脸][捂脸][捂脸]
2024/9/27 22:18,wb,0,所以不要轻易借钱！
2024/9/28 5:43,dy,0,刚才还很多人说我们五天8小时很正常
2024/10/1 5:26,dy,0,音乐一响 黄金万两[舔屏]
2024/7/25 18:07,dy,0,哲学咖啡馆，翻版，社会学酒吧[思考]
2024/9/11 10:08,dy,0,不是为啥还有这么多洗的粉丝他玩的花不是很早之前就知道的吗[九转大肠]老早之前各大狗仔就说了他玩的花你们都不看直播吗[九转大肠]
2024/10/9 11:44,dy,0,还是那个杨一诺演的好看
2024/8/8 6:39,dy,0,这么多人也没一个劝架的[流泪]
2024/9/26 4:39,xhs,0,拉我[笑哭R]
2024/9/30 0:35,dy,0,瞎搞
2024/10/6 7:16,dy,0,这以后两家还有好?还不如不结了
2024/10/6 12:23,dy,0,评论区都被钓成翘嘴了[九转大肠]
2024/10/5 12:40,dy,0,我们还是不要盲目自信，我们的国土面积大，海域大，旁边有这么多豺狼白眼狼，要时刻警惕，要苟住[捂脸]
2024/9/19 7:16,bili,0,"""这暴脾气，吓得我赶紧蹭一蹭我妈[滑稽]才15岁而已，号重新练吧[滑稽]"""
2024/10/17 21:58,dy,0,就韩朝现在这局势，就算我出面调节 也无济于事
2024/10/3 10:43,xhs,0,想要秦霄贤的签名
2024/10/1 12:15,dy,0,[流泪][流泪][流泪][流泪]莎莎宝宝尊嘟很好[流泪]
2024/10/3 7:21,dy,0,那个瓶子是装灰的吗
2024/10/14 5:21,dy,0,挺好的，WBG给别人充电，还不如给自家赛区充电
2024/9/25 15:57,wb,0,咳咳咳，群众的眼睛是雪亮的！
2024/10/3 5:08,dy,0,若有站守机场
2024/9/29 6:17,dy,0,100[看]我给了别闹了
2024/10/1 8:04,wb,0,别去看了
2024/9/11 22:44,dy,0,店主被抓了没有
2024/9/15 12:09,dy,0,她打的真不错
2024/9/12 7:27,dy,0,看后续
2024/10/2 2:47,dy,0,雷军白手起家，背景干净，这样的企业家可不多！
2024/10/7 13:00,dy,0,苹果手机值得信赖
2024/9/27 14:28,dy,0,哎呀，这是黑幕保护空投。
2024/10/11 7:44,dy,0,萝卜快跑算是自动驾驶吗？
2024/9/16 12:57,dy,0,中文这么好
2024/9/27 17:18,dy,0,秦霄贤塌的太突然了，我一个男生都无法相信 哭了一整天，真接心碎了，来一个香香的女大来聊天[感谢]。天津人不会说相声，更不会打快板！
2024/10/4 1:24,dy,0,以后不要转发这些没用的信息，排了能怎么样
2024/10/17 14:34,dy,0,我家附近可以来几颗吗[捂脸][捂脸][捂脸]
2024/9/12 8:16,dy,0,不知实情，不予评价。上次我就被代驾坑过一次
2024/7/26 9:35,dy,0,在哪！我要去听！
2024/10/5 13:05,wb,0,啊，我天天充着玩。
2024/10/10 3:02,dy,0,瞎说
2024/9/29 14:20,dy,0,做小吃的老板来来俺河南郑州.[抱抱你]
2024/10/4 15:34,dy,0,高速前面车开多快我就开多快，我也没看码数，
2024/10/8 13:52,wb,0,看得我一愣一愣的，一时分不清是敌是友
2024/9/29 12:32,dy,0,双方都有错误，一边不应该堵人家出入口，一边不应该说那话
2024/10/4 10:31,dy,0,女性天生爱女
2024/9/27 14:10,dy,0,道歉能不接受吗？[灵机一动]
2024/9/25 19:55,wb,0,你在叫什么？
2024/9/17 13:33,xhs,0,"借此机会，寻个对象，结婚导向
性别：男
出生年份：97 摩羯 ISFJ
学历：硕士  身高：181/160
工作：程序员（30w左右）
现工作地：杭州    老家：南京
想找的类型：96及以后，165+，硕士"
2024/10/8 1:19,dy,0,果然网友的眼睛是雪亮的[泣不成声][泣不成声]
2024/9/26 12:39,wb,0,萌萌宝宝
2024/9/19 6:38,bili,0,"""嘴哥才是三只羊里最优秀的“卧底”[doge]@央视军事 @嘴哥本人"""
2024/9/12 17:36,wb,0,好像是需要卖家他那边接入了微信支付这个方式，我们消费者才可以使用微信支付
2024/9/28 5:16,dy,0,来买我们陕西的富平苹果！好吃个大便宜！！！
2024/10/4 21:07,dy,0,漂亮[赞][赞][赞]
2024/10/1 8:47,dy,0,故意的，几次啦！
2024/8/29 8:39,dy,0,超喜欢吃面食，以后一定要去山西尝一下
2024/10/1 11:38,wb,0,必须给酒店贴封条
2024/10/1 9:54,wb,0,麻烦暴露下酒店名字，不犯法，这也是你们应该做的
2024/9/30 21:50,wb,0,真令人无语，应该狠狠地罚
2024/10/22 14:02,wb,0,不出来回应，平台就封号马上老实
2024/10/6 10:17,wb,0,早安，温馨的周日！愿你的每一天都充满阳光，温暖而明媚。
2024/10/5 6:31,wb,0,我这里有的是广东汕湛高速走应急车道的照片，去哪里举报
2024/10/3 6:13,dy,0,拉回来了，也许上涨。
2024/9/30 5:41,dy,0,货币政策放水。楼市利好[赞][赞]
2024/10/1 14:34,dy,0,真的喜欢上了一个很好的人[爱心]莎莎你真的超级棒
2024/9/27 8:25,dy,0,都是成年人还玩这个
2024/9/24 16:54,bili,0,"""xz[无语][冷]"""
2024/9/25 9:25,bili,0,"""好好好，我看了好多这样的视频了"""
2024/9/6 15:29,dy,0,咋，刷到海豚了。
2024/10/4 12:29,dy,0,[捂脸][捂脸][捂脸][捂脸][捂脸][捂脸][捂脸][捂脸]
2024/9/25 2:20,dy,0,[赞][赞][赞]
2024/10/6 12:21,wb,0,我觉得是张元英吧
2024/10/4 14:09,dy,0,girl  help girl[OK]
2024/9/29 1:48,dy,0,很赞同
2024/9/30 11:11,wb,0,节后还疯吗
2024/10/4 15:05,dy,0,女性安全
2024/9/12 5:03,dy,0,构成故意伤害罪
2024/9/30 8:00,dy,0,不信谣 不传谣 就等他们发声再说吧 万一误会了呢？
2024/9/10 22:03,wb,0,所有！all！！！全部，爱上于适！！
2024/10/3 23:05,dy,0,[捂脸]出新法。孩子犯错监护人来担。就是不处理才无法无天
2024/10/5 16:59,dy,0,曲高和寡，你让我跟唱不是为难我嘛[捂脸]
2024/9/27 15:15,dy,0,虽然我穷没多少钱，可也损失了好几百[流泪]
2024/9/30 16:26,dy,0,现在不买以后后悔[捂脸]
2024/9/24 6:27,bili,0,"""翻出来看了看老短信，玩了一个小时的黑白棋，果然我还是玩不过计算机[笑哭]"""
2024/10/5 14:58,wb,0,服了，问题点是一点都不看
2024/10/2 3:00,dy,0,不够专业就要承受不够专业的罪。练体的都知道，肌肉紧绷时不能大外力打肌肉，
2024/10/5 21:13,wb,0,好优秀呀
2024/10/3 7:06,dy,0,回调好正常
2024/10/6 4:25,dy,0,[吃瓜群众][吃瓜群众][吃瓜群众]
2024/9/29 1:54,dy,0,啊？不是？2024年了？威海？旅游城市？
2024/9/24 21:40,dy,0,[赞][赞][赞]
2024/9/18 4:17,bili,0,"""只看过他们的视频，直播间是真没逛过，看别人截的直播间视频感觉风格有点疯癫癫的，而且啥方向的品类都卖，这一点就不可信"""
2024/10/3 0:27,xhs,0,必须评论[飞吻R]每天多爱一点
2024/9/28 14:40,dy,0,什么 秦霄贤
2024/8/7 4:15,xhs,0,这应该就是闲聊的话题吧？怎么会扯上装逼呢[笑哭R]而且也不是天天都讨论吧，想交流的就说几句不想听的走就行了，现在大家雷点都这么多吗？
2024/10/3 6:10,dy,0,哪里来的暴跌[偷笑]，啥啥不懂还学别人做财经主播[偷笑]
2024/10/20 13:17,dy,0,何炅老师旁边的那个帅哥是谁啊
2024/10/4 11:40,dy,0,这是女人和女人之间的斗争[呲牙][捂脸]
2024/9/19 7:13,bili,0,"""太仁慈了"""
2024/10/2 7:10,dy,0,走过路过不要错过，今天不买，明天后悔！
2024/9/27 18:32,wb,0,博主说的好有道理，真心希望博主能天天遇到这种事情
2024/10/18 9:38,dy,0,等你杨子和黄圣依
2024/10/17 18:50,dy,0,好！
2024/9/19 11:59,bili,0,"""该请雷电法王了"""
2024/9/24 10:44,dy,0,没错，我不装了，我是月光族[看]被你发现了
2024/9/26 13:27,wb,0,来中国啊 即使奥运32强也能被人舔上天
2024/10/4 11:45,dy,0,谁发明这要命家伙[流泪][流泪][流泪]
2024/10/1 8:20,wb,0,有没有人送花呀
2024/10/18 9:40,dy,0,也就只有欺负欺负没有防空力量的小国家。但凡有完整的防空系统你看他敢不敢
2024/10/8 6:40,xhs,0,理智上我不赞同你这个行为～感性上我希望你多发点，我爱看[doge]
2024/10/5 20:52,dy,0,王烁塌的太突然了，虽然完全不认识，但是完全不敢相信，有180+会玩曜的男大帅哥和我打王者吗，最好是会玩曜的，教教我吧[流泪]自己玩了局人机局气的睡不着觉
2024/10/6 10:09,dy,0,杨明真是败人品[捂脸]
2024/10/5 14:53,wb,0,他喜欢
2024/10/21 23:59,dy,0,感恩一切，梦想成真发财健康平安，全家健康平安，无灾，无难无痛无病，财源广进，事业有成，幸福安康，家里庄稼年年有好收成，粮食卖单价高一点[感谢]
2024/10/6 18:03,dy,0,这个行业 身不由己 就是拿外貌和肢体动作吸引粉丝的 大部分粉丝就是冲着这个来的 甚至没有关注度了还要想办法弄出来一些花边新闻吸引眼球
2024/10/5 11:07,dy,0,评论区别搞男女对立了[捂脸]
2024/9/30 14:34,dy,0,故事的开头：“我闻到了未来之星的味道”                         故事的结尾：“我正式决定解散zooparty”
2024/9/27 14:49,wb,0,距离负0.01米
2024/10/2 2:11,dy,0,第一名
2024/9/11 11:13,dy,0,于是……于适[笑哭]
2024/10/9 13:07,dy,0,钓鱼的好地方
2024/10/3 7:13,dy,0,已经收红啦[捂脸]
2024/10/4 14:58,dy,0,我平时150有急事180
2024/9/20 10:29,wb,0,山东作为孔孟之乡，居然发生这样的事！
2024/10/5 9:09,wb,0,以色列北部小镇卡法尔尤瓦尔响起防空警报，这再正常不过了
2024/10/1 14:02,dy,0,第一
2024/10/4 2:48,dy,0,车主还活着吗？
2024/9/30 11:59,wb,0,林子大了什么鸟都有，何况山东这么多鸟怎么能以偏概全整个山东都这样呢
2024/10/1 19:52,wb,0,说得对
2024/9/24 7:30,bili,0,"""我的想不起来密码了，我每次想起来就去试试，试了好久了都，又不想刷机，因为里面还有很多数据"""
2024/10/2 21:44,dy,0,干登眼
2024/9/11 2:23,dy,0,我记得他火之前不是被爆料过一次嘛 后来火了 网上都在捧他 我还以为是我自己记错人了[泪奔][泪奔][泪奔][泪奔]
2024/10/1 15:40,dy,0,太倒霉了她
2024/10/22 1:24,dy,0,世界和平
2024/9/30 6:02,dy,0,[大笑][大笑][大笑][大笑]买啊
2024/9/11 13:44,wb,0,我的妈啊手就能接受啊笑拉了
2024/10/3 15:06,dy,0,别的不说哈，那个文学奖应该就是纯口误吧
2024/10/3 3:10,dy,0,网友最爱做的事就是先造神和再弑神，谁都有知识盲区，百度百科都有错误的信息[尬笑]。
2024/10/5 10:29,wb,0,我老公就这样，难受我也要出走
2024/9/28 9:25,dy,0,外面都是玻璃框吧
2024/9/19 13:44,bili,0,"""?我没见到刚出生的太阳，但我先到了出生，这是缺了多少德啊，我现在16我妈现在腿断了三年前就断了，我特别自责，如果当时我不让我妈出去呢我说不定现在还能跟我妈好好生活"""
2024/9/30 15:33,wb,0,太轻
2024/10/17 22:40,dy,0,自律的人已经蹲下了[OK]
2024/10/4 11:25,dy,0,估计过段时间方向盘上必须有检测人体血流的装置，饮料这些死物就不行了
2024/10/19 3:11,dy,0,看着好心疼[可怜][可怜]
2024/9/9 5:23,dy,0,杰瑞
2024/10/12 14:38,dy,0,来个咸鸭蛋 加勺白糖[看]
2024/10/1 14:15,dy,0,帅
2024/10/14 2:43,dy,0,牢嘎和牢赞这次不知道谁能突破八强[捂脸]
2024/9/11 9:42,dy,0,明明可以好好欣赏好电影，张雨绮非得插一刀[捂脸][赞]
2024/10/4 2:31,dy,0,你是说实话的[捂脸][捂脸]
2024/10/3 6:46,dy,0,今天的博主少了很多[尬笑]
2024/10/4 11:32,wb,0,让房产中介再乱叫半个月，差不多就消停了
2024/10/22 22:05,wb,0,支持杨老师辟谣，评论区太多水军人机了，活该你微博越做越差
2024/10/1 4:33,wb,0,那可不，外务省没给法国经费呢
2024/10/5 9:45,wb,0,越慢越安全，好些司机的想法
2024/9/26 11:57,wb,0,毁了一个家庭
2024/9/27 2:49,dy,0,夏令营居然能这个对待娃娃，太恐怖了
2024/10/4 9:28,dy,0,说白了就是为了赚钱[呲牙]
2024/9/11 9:00,dy,0,[绝望的凝视][绝望的凝视][绝望的凝视]女方难评到成了南方可以在网上到处说的合理性了…到底谁在给男的找补[偷笑][偷笑]要么都是爱把某些事到处和朋友哥们或者网友说的货色要么就是爱男姐…祝愿这种都锁死…一个爱往外逼逼一个爱原谅[偷笑]
2024/10/5 4:37,dy,0,罚得太少，重罚才涨记性！向深圳学习全国推广！
2024/9/28 11:36,wb,0,#年轻租客遭6旬男房东骚扰抑郁发作#不会写词条可以雇我。
2024/9/25 21:57,dy,0,没钱，不出
2024/10/22 9:15,dy,0,耶！
2024/10/3 7:41,dy,0,点赞是为了让更多人看见，希望得到重视
2024/9/11 12:46,wb,0,又开地图炮，真是闹麻了
2024/9/27 7:55,xhs,0,亏20%，连涨三天，今天赚了7k马上跑路
2024/10/4 9:24,dy,0,看了非常好看 ，就是有一点吓人
2024/10/5 14:55,wb,0,为什么会这样
2024/10/4 12:17,dy,0,我不禁要问 小民尊严在哪里[看]
2024/10/2 3:03,dy,0,我们武器没人买？
2024/9/27 15:00,dy,0,应该国家在控制房价
2024/10/4 11:11,dy,0,建议中山陵全部关了   改种水稻
2024/9/25 12:53,bili,0,"""好厉害"""
2024/10/4 12:04,wb,0,真真假假难分辨，静等真相大白。
2024/10/4 4:54,dy,0,官方没活硬整[捂脸]
2024/10/15 10:06,dy,0,为什么删我评论？
2024/9/26 10:41,bili,0,那不给咋还微信转账啊
2024/10/18 10:16,dy,0,黄酒那是有这种做法，但要看黄酒的牌子，有些酒酒酸味很重，不好挥发，所以成品会带点酸味。当然，这个方法适用于红烧，就是要收治的那种菜。你炖的话，反正我没这么烧过，两斤黄酒炖猪蹄，想想都有点想笑，也很好奇是啥味的。在提一句，他手里拿的就是我说的酒酸味很重的那个牌子，
2024/9/27 1:08,dy,0,我看快了，看成安洗莹长期霸凌，我她说霸凌怎么还帮别人洗苦茶子[尬笑]
2024/10/2 1:31,xhs,0,顶！！
2024/10/20 11:30,dy,0,不要唠，感化他吧。我用了二十年，从一个不爱洗澡的人，变成现在自己的衣服都可以手洗了，儿子一星期放学回来，要先去冲凉房洗好脚才能进屋呆着，要不他受不了儿子的脚味了。就如我当年受不了他不爱洗澡一样。
2024/10/14 1:02,dy,0,t1就算了。三星终于抓住他了。他避不开
2024/9/30 14:19,dy,0,咱就是说他如果塌房了就是发出一些不好的言论，德云社首先会不容他就比如说某一个德云社的人爆出一个黑料，他立马被开除了这个瓜是不是真的你去证实了吗？你是这个第一者就和九南当初离婚被爆出家暴一样只是因为他火了，他只要流量
2024/9/18 9:32,bili,0,"""你咋不弄个国际品牌月饼？昂？是不是很搞笑"""
2024/9/27 18:59,wb,0,郑州中牟吗
2024/10/3 11:27,wb,0,希望没事
2024/9/29 15:25,wb,0,我老公他弟，借也三四年了，也没给
2024/9/23 16:24,dy,0,就应该在合同上加违约金，zkh还是太相信感情了
2024/9/27 16:08,dy,0,你这边道着歉，那边把我废单火急火燎的晚上十点半给交割了
2024/10/5 6:51,dy,0,开始洗白了[看]
2024/9/11 6:34,wb,0,做了眼综合吗
2024/9/26 5:33,dy,0,逆天[闭嘴]
2024/10/1 5:59,dy,0,这小子现在越来越会做节目效果了[泪奔]一天到晚的动不动就是几个亿几个亿的藏品找他鉴定[泪奔]
2024/9/27 13:01,bili,0,"《刑法》第二百三十四条故意伤害罪：故意伤害他人身体的，处三年以下有期徒刑、拘役或者管制。

《最高人民法院 最高人民检察院关于常见犯罪的量刑指导意见(试行)》：故意伤害致一人轻伤的，在二年以下有期徒刑、拘役幅度内确定量刑起点。"
2024/10/1 17:36,wb,0,节日快乐
2024/10/6 6:51,dy,0,哇塞哇塞，我刚刷到这个视频的时候，我还以为是谁直接滑走了，原来是他
2024/10/5 3:09,dy,0,一台3000元，整道住
2024/10/14 10:23,dy,0,会师决赛[捂脸][捂脸]你敢说我都不敢听
2024/10/3 13:11,dy,0,报案吧，孩子手上被咬了好几个包
2024/9/27 23:42,wb,0,这年头儿 能不借就不借 欠债的都是大爷
2024/9/19 16:42,bili,1,"""畜牲都不如我草"""
2024/9/28 5:06,dy,1,倒霉的孩子、摊上这样的家长、曝光多少这样的事了、还往里送、
2024/10/1 15:59,wb,1,这位男士是从石头缝儿里蹦出来没有过亲情还是断子绝孙没有孩子
2024/10/15 10:54,dy,1,就你长这样，吓到人家你还得给人家钱[捂脸]
2024/9/27 13:48,wb,1,色令智昏
2024/8/25 8:35,xhs,1,打的什么药呀
2024/9/26 14:03,dy,1,辞职不就不挨骂了吗
2024/9/11 5:31,dy,1,确实荷尔蒙爆棚
2024/10/6 16:54,dy,1,昨天半夜蓝底白字来了[黑脸][比心]你就知道秦霄贤粉丝闹的有多大[黑脸][左上]
2024/9/25 1:09,dy,1,权利资本很猖狂
2024/9/17 16:50,wb,1,新型诈骗集团
2024/9/24 13:05,bili,1,"""夹带私货"""
2024/9/18 3:26,xhs,1,人设崩了又怎么样，挣得钱够人一辈子挥霍的了
2024/10/2 5:18,dy,1,读那个书干嘛呀！本科毕业也是自谋生路而已。
2024/9/7 4:30,dy,1,主要对面进7个还挺轻松[流泪]，看得我恼火，一点拼搏精神都看不到。唉
2024/9/29 14:00,dy,1,抵制这种素质学校，公立学校再不济，老师也不敢这样欺负学生，至少老师是经过审核的[泣不成声]
2024/9/27 8:49,dy,1,下头男
2024/9/28 4:20,dy,1,不能把外框扒掉再泼么？ 这样泼有啥用？
2024/10/11 10:22,wb,1,人家是老师，你们非得给人家扣个圣人的帽子，现在又骂人家装圣人，我看天塌了都得靠你们这些人的嘴撑着
2024/9/29 16:41,dy,1,有的人搞笑的要命[捂脸]，本地人三个字在大一点世界都是他的了！这世界什么是自己的[捂脸]
2024/10/20 15:30,dy,1,和尼泊尔一样啊[捂脸]
2024/10/10 13:34,dy,1,这样撞死人。算是故意杀人吗[灵机一动]
2024/10/3 5:28,dy,1,就伊朗那点玩意还跟以色列掰手腕？
2024/10/5 12:50,wb,1,小米打印机退钱
2024/10/3 2:58,dy,1,打蛇不死 自遗其害！我吃亏了还能活吗？中东必然会燃起熊熊大火
2024/9/29 9:58,dy,1,父母也是帮凶
2024/10/11 9:32,dy,1,傻的可怜，拿自己全家人的性命开玩笑
2024/10/14 14:13,dy,1,这种人不知道这么多年怎么过来的
2024/9/28 2:52,dy,1,事父母害死了他
2024/10/3 15:50,dy,1,那个飞鸡的造型甚至是中分[流泪][流泪][流泪]
2024/9/19 6:32,bili,1,"""玛德这我儿子敢打他妈把腿给打断，狗崽子玩意"""
2024/9/24 8:46,bili,1,听说那个打架的也是冲着讹钱去的，这波属于是黑吃黑了
2024/9/13 4:04,bili,1,"""谁救你？越示弱，越想打你！要么跑，要么就干，网上那打架视频都是业余选手，回合制的，更何况对方还喝了酒，酒都喝过吧，喝了酒还能打架？走几步都难！一定要反抗！"""
2024/9/27 3:17,dy,1,活该给骂，怎么不见解散啊
2024/9/18 9:00,xhs,1,可怜之人必有可恨之处[石化R]
2024/9/11 4:06,dy,1,作品是没有的  恋爱是不断的[舔屏]
2024/9/28 10:24,dy,1,怎么会有这种父母，不配有孩子
2024/10/3 4:14,dy,1,事情闹到这地步了 就算是我亲自出面也解决不了
2024/9/25 0:34,dy,1,警察当的够窝囊的
2024/9/11 7:43,dy,1,他们把网友当枪 你也是
2024/10/2 15:48,wb,1,日本人怎么不敢打个标题说我们都有罪？
2024/8/12 10:31,dy,1,老头卖老
2024/10/1 1:08,dy,1,哈哈，你干嘛要送过去呢？
2024/9/27 17:58,dy,1,玩不起是吧[赞]
2024/10/5 12:27,wb,1,欠碾
2024/9/28 15:59,wb,1,想起来之前在盖提中心看梵高的鸢尾花，也就一个老黑在画的边上叫大家不要靠要离太近，真要有人泼什么上去肯定拦不住的
2024/10/6 5:59,dy,1,先装死几个没常识的再说[抱拳]
2024/8/9 9:12,wb,1,法律就是个笑话
2024/10/6 8:01,wb,1,太出片了集美们，上次一个集美都被压成薄片了
2024/7/5 12:52,dy,1,哈哈，就这么跑了？[捂脸][捂脸]
2024/9/28 12:10,wb,1,200块骟了他
2024/10/12 22:01,dy,1,徐州还一句名言：鼻痒的[捂脸][捂脸]
2024/9/25 21:23,wb,1,#苹果商店软件涉黄#这也可能是一种促销手段，让你不得不试试手。呵呵?
2024/10/4 5:06,dy,1,这种人害人害己！
2024/9/7 1:57,dy,1,赛后日本守门员被罚500[泣不成声]
2024/9/30 9:15,dy,1,为什么都骂武磊
2024/9/26 10:34,bili,1,不如范家村半根
2024/9/30 18:20,dy,1,有种讨厌的人被人发现了的感觉[黑脸][黑脸]
2024/10/2 1:17,dy,1,方块又装了
2024/9/28 6:29,dy,1,我不懂了，豫章书院都爆出来多久了，真的还会有爱孩子的家族送自己的孩子去什么所谓的素质学校吗[尬笑][尬笑][尬笑]
2024/10/6 11:14,dy,1,太俗了 风气一塌糊涂
2024/10/11 18:21,wb,1,董饭圈，董网红是最大的粉头子
2024/10/18 2:50,dy,1,白眼狼永远是这样
2024/10/1 15:22,wb,1,德云社里还有好人？
2024/9/27 15:25,wb,1,屁大点事。就知道欺负女人。一个大男人的，难不成抵抗不了一个女人？自己老公不管好，去到处撒泼打滚。这个很奇怪。
2024/10/1 4:32,dy,1,没苦硬吃说的就是指送这种地方的孩子[绝望的凝视]
2024/10/2 13:39,dy,1,二手房最后逃命的机会
2024/10/15 11:29,dy,1,你说话太大声吓到我了，赔我800[尬笑]
2024/10/17 14:38,dy,1,给他整下来，把脸给他扇肿。
2024/9/28 16:29,dy,1,都是云南人[捂脸][捂脸]，
2024/9/24 6:35,bili,1,一看就不是好东西
2024/9/18 13:17,wb,1,淘宝是个好鸟？眉笔哥又出山了？？
2024/9/28 6:07,dy,1,为什么男的就抓 女的就口头教育
2024/10/5 23:46,dy,1,好黑
2024/10/1 5:06,dy,1,恶心
2024/10/5 2:55,dy,1,昨天晚上在高速上个傻子既然直接停高速中间打电话还好我反应快旁边道又没车立马变过去了[捂脸]不知道后面的车咋样了
2024/9/26 15:41,dy,1,没骂你祖宗就算嘴下留情了[发怒][发怒]
2024/8/8 11:50,dy,1,劝是最起码的，全车人麻木不人！
2024/9/26 14:00,wb,1,韩国一直有霸凌
2024/10/4 11:55,dy,1,我想说放屁说话不脸红
2024/9/28 14:38,dy,1,怎么还哭啊不是你送进去的吗，如果真的关心孩子，找学校还是素质学校不应该好好看看吗网上那么多视频，天天看那些CPU的鸡汤
2024/9/28 2:06,dy,1,[捂脸]这地方没解放？
2024/10/18 5:04,dy,1,恕我直言，两个中单都菜
2024/10/1 0:16,dy,1,三方核实了？？家长乱说？？可笑吧
2024/10/1 12:27,dy,1,开闪光灯就罚款
2024/10/5 17:42,wb,1,这种哥和嫂不认也罢，断送女孩的一生
2024/10/1 4:10,dy,1,估计没收非法所得才是重点[哈欠][哈欠][哈欠]
2024/8/11 15:31,dy,1,这个男的说女生就给胖^_^
2024/9/14 10:13,bili,1,"""遇到纹身的我可是要取他的性命哦 不说胡话哦"""
2024/9/12 7:44,dy,1,这就是上海吗
2024/9/18 3:26,xhs,1,很大程度的"誤導消費者"！
2024/9/30 23:07,dy,1,建议来苏州的打工人办一个苏州的号码 有些服务行业人员一看来电显示是外地 那语气傲慢的很[看]
2024/10/5 12:47,wb,1,三星，死都不用
2024/9/29 15:10,wb,1,肯定是个别，我住了那么多酒店也没有这个，不要天天疑神疑鬼，像个被迫害妄想症一样
2024/9/29 13:09,dy,1,外地人都走完你什么也不是你也太高估你自己了
2024/9/27 7:26,dy,1,要排都排呗！反正中国人有抗体了
2024/10/6 2:42,dy,1,也就是欺负人家导弹打不远，真要能打到他们国家你看他还轰炸不
2024/10/6 7:48,dy,1,粉丝：谁也不许帮我们哥哥洗白，只能我自己黑
2024/9/12 8:04,dy,1,用东北话说，东北人就是牛逼，该说不说的？[赞]
2024/9/13 6:15,wb,1,山东人，不奇怪了
2024/8/11 18:59,dy,1,大爷给刘女士道歉了吗
2024/9/28 15:25,wb,1,这都是 黑色会 。
2024/10/8 22:46,dy,1,吃的太饱了，撑的，本地人不会干这事
2024/9/11 5:23,dy,1,大姐谁呀
2024/10/4 14:28,dy,1,最烦这种了，快车道开60玩呐
2024/10/11 10:51,dy,1,细节见真章，这样的，生活中出现各种问题，也是会迁怒于人的
2024/9/26 15:24,dy,1,当球星 还没这点抵抗力 当不了大球星
2024/9/12 8:57,dy,1,警察搁哪站着还吐口水侮辱人！不是每个人都能跟王总比的，同样是上海。结局就会不一样[灵机一动]
2024/10/5 14:45,wb,1,大人时代变了，这年头谁买三星啊，只有韩国人自己买了#工地小伙买万元三星手机充电时冒烟#
2024/9/28 11:12,wb,1,不要face
2024/9/18 19:07,bili,1,"""吃美成月饼，当小杨哥的幸福家人。用无风吹风机，啃合成牛肉，再来点梅菜槽头肉和两口兑水茅台，享冤种中秋，[生气_金箍]"""
2024/9/19 16:32,wb,1,这个很山东
2024/9/30 17:48,dy,1,这小子一点演技都没有
2024/9/29 13:41,dy,1,骂人的被部门保护起来送回家了[赞][赞][赞]！
2024/9/24 11:48,bili,1,网红 全TM清一色街溜子   正经人谁有那脸啊
2024/10/2 3:22,dy,1,只能说它是日本人[捂脸]
2024/10/20 8:58,dy,1,惨无人道！
2024/9/26 13:11,wb,1,小韩有些人就仗着年纪大每天整欺负人那一套
2024/10/6 10:16,dy,1,秦霄贤的粉丝都是啥样的
2024/9/27 18:38,wb,1,入征信  曝光  影响下一代
2024/9/12 9:00,dy,1,渣男！打女人你有啥能耐！必须严处
2024/10/5 18:35,wb,1,你嘲笑人家干工地，人家一天 5-600 百，都没嘲笑你
2024/9/28 6:16,dy,1,建议解散中国足球队
2024/9/18 10:07,bili,1,"""开大车嘎嘎"""
2024/10/5 16:59,wb,1,这是卖女儿？抢钱？
2024/10/5 7:11,wb,1,量产驾驶员
2024/9/23 23:30,bili,1,人家做了好久的号起来，你们挖人家墙脚快速起来，都不是好东西罢了
2024/10/1 9:15,wb,1,配合刺客信条影，闹市区播放黑人斩首日本人简直笑翻
2024/10/1 8:44,dy,1,谁买是大冤种
2024/10/1 21:39,dy,1,连夜关注大佬。[捂脸][捂脸]
2024/9/12 7:10,dy,1,垃圾
2024/9/28 4:24,dy,1,说句实话最大的罪魁祸首就是父母[流泪]
2024/9/28 16:51,dy,1,这就是金融中心的含金量[抠鼻]
2024/9/11 15:54,wb,1,真脏啊
2024/10/5 1:32,wb,1,嫌贵就别开车
2024/9/13 5:45,wb,1,@喬凹司令 缺德玩意
2024/10/4 9:53,dy,1,开启着自动驾驶行车，竟然累得满头大汗，这自动驾驶也太垃圾了！[得意]
2024/9/27 21:13,wb,1,不是都成年了吧？怎么还跟小学生一样
2024/10/3 5:45,dy,1,白总还没刮胡子[捂脸][捂脸][捂脸]
2024/10/22 18:29,wb,1,蹭吃蹭喝加油
2024/10/2 14:03,dy,1,烂到不知道怎么说。[打脸]
2024/9/28 19:41,wb,1,100不要把对方往死了骂一顿更划算
2024/10/3 20:48,wb,1,打死熊孩子
2024/10/18 11:33,dy,1,挣30后再罚你开车玩手机扣3分罚200，200-30赔170
2024/10/4 10:33,wb,1,你以为人家是草台班子人家笑你太老实
2024/10/3 14:03,wb,1,都是演员，戏精附体
2024/10/11 20:49,wb,1,大房东，大圣人，你送我个房子呗
2024/10/2 13:47,dy,1,[捂脸]印度也有东风
2024/10/4 0:38,dy,1,好多中介骗着骗着自己都相信了[灵机一动][呲牙]
2024/10/3 20:25,dy,1,活该严惩
2024/9/30 17:31,wb,1,才一年，作案工具门槛低，犯罪成本也很低
2024/9/18 9:30,bili,1,"""不知道具体不评价，假如家长做出把孩子送到戒什么学校等类似等举措，孩子这样不奇怪。现实中这种愚父母很多，把孩子毁了"""
2024/10/1 5:08,wb,1,巴子
2024/10/9 10:25,dy,1,城中村拆迁房叭，千万少和城中村这些村民来往素质有目共睹
2024/10/14 2:35,dy,1,你切记。技术革新需要先驱者死在沙滩上
2024/10/5 22:44,wb,1,发现后通知伊朗结果以色列那边召回飞机 这TM还是有内鬼吧！给那边通风报信了，这边发现你们了。
2024/10/1 8:19,wb,1,一个人的言行上升到苏大强了？？你也没好到哪去
2024/9/27 13:56,wb,1,怎么还有人给饼嫂造谣啊。。。
2024/8/10 7:57,xhs,1,谁乱带的节奏把那人拉出来判刑
2024/10/16 16:21,dy,1,我个人觉得要求赔偿挺多的有点敲诈了[泪奔][泪奔][泪奔]感觉像演出来的
2024/9/11 7:07,dy,1,张姐这哪是内涵 这是直接点名[泪奔]
2024/9/28 0:56,dy,1,靠山吃山靠海吃海靠路吃路
2024/10/1 12:53,dy,1,看谁都是喜欢她[抠鼻]
2024/10/7 1:27,dy,1,杀灭邪恶之首，包含美犹杂交。
2024/10/1 18:57,wb,1,线下版《刺客信条·影》？
2024/10/2 0:31,dy,1,大半夜维修[尬笑]果然是一本正经胡说八道
2024/10/15 9:43,dy,1,我们这里说这是绝人种的事[捂脸]
2024/9/10 23:06,wb,1,笑死
2024/9/28 11:37,wb,1,法治社会了还有这一出
2024/9/19 4:01,bili,1,"""三天不打上床揭瓦建议这个小孩重开。"""
2024/9/10 16:56,dy,1,之前不是爆出于适有很多富婆大姐吗
2024/9/30 12:16,wb,1,这样人家才有理由把真作放自己家里有
2024/9/26 9:13,wb,1,不疼不会整治的
2024/9/25 7:20,dy,1,民俗只是个副业，只是个幌子[看]。 关键是能堵派出所……
2024/9/15 5:33,bili,1,"""上海人不行啊？你学学青岛，"""
2024/9/26 18:26,wb,1,评论区地域歧视怪全都狗带了
2024/10/4 8:09,xhs,1,果断压过去。
2024/9/28 13:19,wb,1,这叫占道，那什么叫拦路
2024/10/4 2:30,dy,1,[捂脸]中国式家庭教育的产物
2024/10/6 16:28,dy,1,河南人，唉
2024/10/7 18:59,wb,1,每次都是她们死了才刷到 难顶
2024/9/26 12:34,wb,1,韩国原来是这样的呀
2024/9/26 7:32,xhs,1,这个国家没什么优秀传统文化，霸凌文化倒是很盛行[doge]
2024/10/3 14:44,dy,1,为啥去夏令营？钱多的么[捂脸]
2024/9/20 4:54,bili,1,"""什么出生"""
2024/10/3 5:36,dy,1,那些信鬼神的，能不能让鬼去参与战争
2024/9/29 9:00,dy,1,评论区都好牛逼
2024/10/1 9:06,dy,1,已经开始说胡话了
2024/9/11 5:48,dy,1,于适不是好多女朋友吗[捂脸]
2024/9/10 5:21,dy,1,我信这个人，坑外地游客的太多了，
2024/9/8 3:57,xhs,1,确实都是些关系户，那钱不做事的混子
2024/9/19 14:04,bili,1,"""我19岁在威海打工认识的同龄本地女生，她和我说她骂亲生母亲，cnm[笑哭]当时我都懵了，还能这样？"""
2024/10/4 20:37,wb,1,财生杀 杀生印，给男的花一点点，男的给我花大的
2024/9/7 11:03,dy,1,你就是想蹭热度，没蹭明白
2024/9/25 21:09,wb,1,你法？我笑
2024/10/5 10:51,wb,1,小仙女是给你打扫卫生的吗？没有钱请保姆还娶什么小仙女
2024/10/8 13:26,dy,1,就先不说躲酒这段……前面唱的也不太稳啊[捂脸]别说什么全开麦……别人演唱会我也没少听……这确实实力有点不太行啊
2024/9/27 0:02,dy,1,变石家脏了吗？
2024/9/17 21:53,xhs,1,找个外国人放在老祖宗的月饼上…这个是市场是怎么想的
2024/9/24 13:44,dy,1,在河北啊，那没事了[尬笑][尬笑][尬笑]
2024/8/10 7:03,dy,1,营销号恶心的要死 总是这样
2024/9/28 14:01,wb,1,这样的人才，匹配中国足球的成绩
2024/10/1 0:59,dy,1,这法院跟这老头子有一腿。
2024/9/25 0:41,dy,1,所以，7-9月有多少人在河北住过酒店民宿，极有可能你们已经被别人卖网上了[捂脸]
2024/9/26 23:06,dy,1,一个真正有底蕴的球队不是靠贬低对手和辱骂对方球员来实现的。而是靠尊重对手，战胜对手，要有胜不骄败不馁的精神来体现的。依靠贬低辱骂对方球员甚至球员的家人，那这支球队就算取得再好的成绩也是没什么底蕴的。充其量也只不过是个足球流氓。
2024/9/29 16:49,dy,1,苏州在哪里？是不是甘肃省的某一个小县城？
2024/9/7 0:09,dy,1,不是人家退钱了，还要发出去?你们穿拖鞋开车咋没人举报?
2024/10/1 4:15,dy,1,出事了就说家长为什么要给孩子送去这些培训学校？在学校出事的还少吗那还不能送孩子上学了？上次爸爸害孩子又怪妈妈为什么不带在身边的，妈妈害孩子又怪爸爸为什么不带在身边？[抠鼻]
2024/9/28 7:45,wb,1,赶紧回娘胎重造吧
2024/10/3 10:13,wb,1,给孩子摔晕了都
2024/9/27 17:52,wb,1,这种情况，如果女士给它们大逼兜，民警会不会说女士先寻衅滋事的？
2024/9/28 8:24,dy,1,这不是故意杀人吗
2024/10/4 11:30,dy,1,挺癫的这些粉丝
2024/9/27 18:12,dy,1,看前面一段，但凡有点深度不会说这些话[晕]
2024/10/2 1:11,xhs,1,邵通露大脸了
2024/8/11 18:03,dy,1,@Also. 当时我就说这视频没头没尾什么玩意给这引导网暴[捂脸]
2024/9/27 13:28,dy,1,棒子国哪个赛道不霸凌，整个霸凌主义世界
2024/9/24 13:41,dy,1,河北一直这样，不去就没事
2024/9/27 13:43,wb,1,为什么不是高管与男下属
2024/9/12 7:27,dy,1,听口音 那女的也不是等闲之辈
2024/10/8 2:21,dy,1,如果我是他粉丝我真的会尴尬到死，拜师贴、宠粉文案是嫂子的，妆发是嫂子弄，房子车子是嫂子的，视频动作都是嫂子手把手教的，连粉丝群体都有这种冒充官媒的智障。我是他粉丝我真的觉得丢死人，粉了个什么玩意儿。[九转大肠][九转大肠][九转大肠]
2024/10/2 13:57,dy,1,打假，好。
2024/10/3 5:19,dy,1,一觉醒来，睁开眼结果阎王爷在面前呢[看]
2024/9/28 1:40,xhs,1,看周一 是给肉吃 还是闷杀 都操作不了
2024/10/4 8:59,dy,1,孩子什么样 家长就什么样
2024/9/19 12:46,xhs,1,他父母给他的权利，父母活该
2024/10/6 21:47,wb,1,我看视频骑的都快飞起来了，那不就是赶着投胎吗
2024/10/11 10:33,dy,1,孩子不是亲生的？
2024/9/1 3:14,dy,1,就是宰客！扯七扯八，恶心
2024/9/28 9:00,wb,1,这不就是路匪嘛
2024/10/5 4:08,dy,1,很多人一年不上高速公路，就等节假日免费，上去速度慢，乱并线，出口找不到，这不是害人么。
2024/9/27 15:02,wb,1,就是会所出来的
2024/9/28 8:14,dy,1,国家怎么会允许这种机构的存在？送孩子进去的家长是都疯了吗？？[快哭了][快哭了][泣不成声]
2024/10/15 10:06,dy,1,这是敲诈好是勒索呢
2024/10/4 13:41,dy,1,林子大了什么鸟都有
2024/9/24 23:43,dy,1,派出所多安全啊！躲进去就没人敢进去打人了[抠鼻]！只能在门口堵着[捂脸]
2024/10/1 4:53,dy,1,妖言惑众，要买就去买，市场就在那里大家都能看得到。
2024/9/25 6:31,dy,1,kr其实有自己的苦衷（柯冉女粉觉得同意的加，要女大）
2024/9/27 8:47,dy,1,什么地方流氓这么多？
2024/10/23 10:27,dy,1,我柳那张角度表情绝美这个死色调[听歌][听歌][听歌]？？？
2024/9/30 0:33,dy,1,江苏最不喜欢的一座城市，就是苏州
2024/9/27 13:48,wb,1,这个培训班就是培养了怎么吸引男人和怎么给男人服务的？这也上外大肆宣传，带动的很多女孩都不想好好读书了，直接打扮活整容后上这班了啊，这真是危害人很大的
2024/9/7 11:51,xhs,1,这真的是我上我行[偷笑R]兴许随便换11个人还能进个球呢，中国足球谁都行，唯独国足不行[偷笑R]
2024/9/25 1:33,bili,1,农村生活就这样，简简单单四电炮，带派不老铁
2024/10/6 1:26,wb,1,印度小红书
2024/9/10 23:49,wb,1,这姐怎么跟每一任都能撕起来
2024/10/2 19:34,wb,1,殖畜:人家东洋大人与西洋大人之间是一家亲！
2024/10/6 15:34,dy,1,还不如违停让交警拉走玩高兴去开回来
2024/9/28 1:51,dy,1,你以为昭通文旅会不知道这个事情，活该
2024/9/6 21:26,dy,1,王者荣耀我都不敢这么死
